Province,Region,Period,Year,WeightSource,ScrapMid_Mton_per_year,Weight_ScrapShareInput,WeightShare,MaxSupply_ton_per_h,ImpliedTotal_288h_tons
Beijing,Region1Beijing,1,2025,aluminum_scrap_share_weights.csv,11.21238591817513,0.02864176,0.0012028392316344228,1.5395773587450223,443.39827931856644
Tianjin,Region2Tianjin,1,2025,aluminum_scrap_share_weights.csv,11.21238591817513,0.055062619,0.0023124095142805115,2.95977487157226,852.4151630128109
Anhui,Region12Anhui,1,2025,aluminum_scrap_share_weights.csv,11.21238591817513,1.417408174,0.059525467671208414,76.18978487322444,21942.65804348864
Shanghai,Region9Shanghai,1,2025,aluminum_scrap_share_weights.csv,11.21238591817513,0.039821138,0.001672328342766936,2.140501228425245,616.4643537864705
Chongqing,Region22Chongqing,1,2025,aluminum_scrap_share_weights.csv,11.21238591817513,0.651578201,0.02736367536913163,35.0242110020967,10086.97276860385
Fujian,Region13Fujian,1,2025,aluminum_scrap_share_weights.csv,11.21238591817513,0.970585629,0.04076070996411439,52.17178201101106,15025.473219171185
Gansu,Region28Gansu,1,2025,aluminum_scrap_share_weights.csv,11.21238591817513,0.471244322,0.01979037455053616,25.33074394130629,7295.254255096212
Guangdong,Region19Guangdong,1,2025,aluminum_scrap_share_weights.csv,11.21238591817513,1.714234545,0.07199098669037743,92.14505997747958,26537.77727351412
Guangxi,Region20Guangxi,1,2025,aluminum_scrap_share_weights.csv,11.21238591817513,1.2117178,0.05088729559600225,65.13333294002635,18758.399886727588
Guizhou,Region24Guizhou,1,2025,aluminum_scrap_share_weights.csv,11.21238591817513,1.08119526,0.04540587155905155,58.11736927753176,16737.802351929146
Hainan,Region21Hainan,1,2025,aluminum_scrap_share_weights.csv,11.21238591817513,0.183679462,0.007713801908091687,9.873301813913205,2843.510922407003
Hebei,Region3Hebei,1,2025,aluminum_scrap_share_weights.csv,11.21238591817513,1.184679495,0.04975179505375564,63.67994592062384,18339.824425139665
Heilongjiang,Region8Heilongjiang,1,2025,aluminum_scrap_share_weights.csv,11.21238591817513,0.24072257,0.01010938403002691,12.939533691746378,3726.585703222957
Henan,Region16Henan,1,2025,aluminum_scrap_share_weights.csv,11.21238591817513,1.175605239,0.0493707126372179,63.19217844107453,18199.347391029463
Hubei,Region17Hubei,1,2025,aluminum_scrap_share_weights.csv,11.21238591817513,0.98158572,0.04122266973915436,52.76306868640164,15195.763781683672
Hunan,Region18Hunan,1,2025,aluminum_scrap_share_weights.csv,11.21238591817513,1.103137521,0.04632735865906083,59.296829207203466,17077.486811674597
InnerMongolia,Region5Innermongolia,1,2025,aluminum_scrap_share_weights.csv,11.21238591817513,0.360645336,0.015145660002973918,19.385728874293726,5583.089915796593
Jiangsu,Region10Jiangsu,1,2025,aluminum_scrap_share_weights.csv,11.21238591817513,1.525384735,0.06406005086957917,81.99383701913834,23614.225061511843
Jiangxi,Region14Jiangxi,1,2025,aluminum_scrap_share_weights.csv,11.21238591817513,1.001981322,0.042079203354351245,53.85939122583968,15511.504673041827
Jilin,Region7Jilin,1,2025,aluminum_scrap_share_weights.csv,11.21238591817513,0.223045524,0.009367018881090311,11.989341392422096,3452.9303210175635
Liaoning,Region6Liaoning,1,2025,aluminum_scrap_share_weights.csv,11.21238591817513,0.543993633,0.022845554307128414,29.241229612574408,8421.474128421429
Ningxia,Region30Ningxia,1,2025,aluminum_scrap_share_weights.csv,11.21238591817513,0.197772756,0.008305663823216946,10.630857088188845,3061.6868413983875
Qinghai,Region29Qinghai,1,2025,aluminum_scrap_share_weights.csv,11.21238591817513,0.122457143,0.005142709658703468,6.582425269236301,1895.7384775400546
Shaanxi,Region27Shaanxi,1,2025,aluminum_scrap_share_weights.csv,11.21238591817513,0.680239034,0.028567315590393258,36.56481358970208,10530.666313834197
Shandong,Region15Shandong,1,2025,aluminum_scrap_share_weights.csv,11.21238591817513,1.595272753,0.06699506777746377,85.75051992411223,24696.149738144322
Shanxi,Region4Shanxi,1,2025,aluminum_scrap_share_weights.csv,11.21238591817513,0.561042515,0.023561539083381895,30.15765628185435,8685.405009174054
Sichuan,Region23Sichuan,1,2025,aluminum_scrap_share_weights.csv,11.21238591817513,1.450296251,0.06090663521358757,77.95761404021219,22451.79284358111
Tibet,Region26Tibet,1,2025,aluminum_scrap_share_weights.csv,11.21238591817513,0.0,0.0,0.0,0.0
Xinjiang,Region31Xinjiang,1,2025,aluminum_scrap_share_weights.csv,11.21238591817513,0.402716599,0.0169124845857094,21.647180823077854,6234.388077046422
Yunnan,Region25Yunnan,1,2025,aluminum_scrap_share_weights.csv,11.21238591817513,1.311815695,0.05509100637041077,70.5138840234806,20307.998598762413
Zhejiang,Region11Zhejiang,1,2025,aluminum_scrap_share_weights.csv,11.21238591817513,1.32423125,0.05561240996559888,71.18125597877433,20500.201721887006
TOTAL,,1,2025,aluminum_scrap_share_weights.csv,11.21238591817513,23.811794001,1.0,1279.9527303852888,368626.38635096315
Beijing,Region1Beijing,2,2030,aluminum_scrap_share_weights.csv,18.81227836350261,0.02864176,0.0012028392316344228,2.5831217411014107,743.9390614372063
Tianjin,Region2Tianjin,2,2030,aluminum_scrap_share_weights.csv,18.81227836350261,0.055062619,0.0023124095142805115,4.965946515189138,1430.1925963744718
Anhui,Region12Anhui,2,2030,aluminum_scrap_share_weights.csv,18.81227836350261,1.417408174,0.059525467671208414,127.83215382973152,36815.66030296268
Shanghai,Region9Shanghai,2,2030,aluminum_scrap_share_weights.csv,18.81227836350261,0.039821138,0.001672328342766936,3.5913591665875124,1034.3114399772035
Chongqing,Region22Chongqing,2,2030,aluminum_scrap_share_weights.csv,18.81227836350261,0.651578201,0.02736367536913163,58.76405001057355,16924.04640304518
Fujian,Region13Fujian,2,2030,aluminum_scrap_share_weights.csv,18.81227836350261,0.970585629,0.04076070996411439,87.53445458206787,25209.922919635545
Gansu,Region28Gansu,2,2030,aluminum_scrap_share_weights.csv,18.81227836350261,0.471244322,0.01979037455053616,42.50023230167399,12240.066902882108
Guangdong,Region19Guangdong,2,2030,aluminum_scrap_share_weights.csv,18.81227836350261,1.714234545,0.07199098669037743,154.60210973545568,44525.40760381124
Guangxi,Region20Guangxi,2,2030,aluminum_scrap_share_weights.csv,18.81227836350261,1.2117178,0.05088729559600225,109.28150341527794,31473.072983600046
Guizhou,Region24Guizhou,2,2030,aluminum_scrap_share_weights.csv,18.81227836350261,1.08119526,0.04540587155905155,97.51003368793653,28082.88970212572
Hainan,Region21Hainan,2,2030,aluminum_scrap_share_weights.csv,18.81227836350261,0.183679462,0.007713801908091687,16.5655466593537,4770.877437893865
Hebei,Region3Hebei,2,2030,aluminum_scrap_share_weights.csv,18.81227836350261,1.184679495,0.04975179505375564,106.8429928807287,30770.781949649867
Heilongjiang,Region8Heilongjiang,2,2030,aluminum_scrap_share_weights.csv,18.81227836350261,0.24072257,0.01010938403002691,21.710108042969644,6252.511116375257
Henan,Region16Henan,2,2030,aluminum_scrap_share_weights.csv,18.81227836350261,1.175605239,0.0493707126372179,106.02461063194512,30535.087862000197
Hubei,Region17Hubei,2,2030,aluminum_scrap_share_weights.csv,18.81227836350261,0.98158572,0.04122266973915436,88.52652260498942,25495.638510236953
Hunan,Region18Hunan,2,2030,aluminum_scrap_share_weights.csv,18.81227836350261,1.103137521,0.04632735865906083,99.48894599772551,28652.816447344947
InnerMongolia,Region5Innermongolia,2,2030,aluminum_scrap_share_weights.csv,18.81227836350261,0.360645336,0.015145660002973918,32.525613239145336,9367.376612873857
Jiangsu,Region10Jiangsu,2,2030,aluminum_scrap_share_weights.csv,18.81227836350261,1.525384735,0.06406005086957917,137.5702635774727,39620.23591031214
Jiangxi,Region14Jiangxi,2,2030,aluminum_scrap_share_weights.csv,18.81227836350261,1.001981322,0.042079203354351245,90.3659459836174,26025.39244328181
Jilin,Region7Jilin,2,2030,aluminum_scrap_share_weights.csv,18.81227836350261,0.223045524,0.009367018881090311,20.115863770234668,5793.368765827585
Liaoning,Region6Liaoning,2,2030,aluminum_scrap_share_weights.csv,18.81227836350261,0.543993633,0.022845554307128414,49.061293035869376,14129.65239433038
Ningxia,Region30Ningxia,2,2030,aluminum_scrap_share_weights.csv,18.81227836350261,0.197772756,0.008305663823216946,17.836582173062844,5136.935665842099
Qinghai,Region29Qinghai,2,2030,aluminum_scrap_share_weights.csv,18.81227836350261,0.122457143,0.005142709658703468,11.044073703447848,3180.6932265929804
Shaanxi,Region27Shaanxi,2,2030,aluminum_scrap_share_weights.csv,18.81227836350261,0.680239034,0.028567315590393258,61.34889189320844,17668.48086524403
Shandong,Region15Shandong,2,2030,aluminum_scrap_share_weights.csv,18.81227836350261,1.595272753,0.06699506777746377,143.87327214741697,41435.50237845609
Shanxi,Region4Shanxi,2,2030,aluminum_scrap_share_weights.csv,18.81227836350261,0.561042515,0.023561539083381895,50.59888492113315,14572.478857286347
Sichuan,Region23Sichuan,2,2030,aluminum_scrap_share_weights.csv,18.81227836350261,1.450296251,0.06090663521358757,130.79823924912324,37669.892903747495
Tibet,Region26Tibet,2,2030,aluminum_scrap_share_weights.csv,18.81227836350261,0.0,0.0,0.0,0.0
Xinjiang,Region31Xinjiang,2,2030,aluminum_scrap_share_weights.csv,18.81227836350261,0.402716599,0.0169124845857094,36.319905005115565,10460.132641473283
Yunnan,Region25Yunnan,2,2030,aluminum_scrap_share_weights.csv,18.81227836350261,1.311815695,0.05509100637041077,118.30905789562364,34073.00867393961
Zhejiang,Region11Zhejiang,2,2030,aluminum_scrap_share_weights.csv,18.81227836350261,1.32423125,0.05561240996559888,119.42878273265671,34395.48942700513
TOTAL,,2,2030,aluminum_scrap_share_weights.csv,18.81227836350261,23.811794001,1.0,2147.520361130435,618485.8640055653
Beijing,Region1Beijing,3,2035,aluminum_scrap_share_weights.csv,28.4856792047119,0.02864176,0.0012028392316344228,3.9113804209109952,1126.4775612223666
Tianjin,Region2Tianjin,3,2035,aluminum_scrap_share_weights.csv,28.4856792047119,0.055062619,0.0023124095142805115,7.5194698189176155,2165.607307848273
Anhui,Region12Anhui,3,2035,aluminum_scrap_share_weights.csv,28.4856792047119,1.417408174,0.059525467671208414,193.56431239640318,55746.52197016412
Shanghai,Region9Shanghai,3,2035,aluminum_scrap_share_weights.csv,28.4856792047119,0.039821138,0.001672328342766936,5.438060353539546,1566.1613818193894
Chongqing,Region22Chongqing,3,2035,aluminum_scrap_share_weights.csv,28.4856792047119,0.651578201,0.02736367536913163,88.98092219485845,25626.505592119232
Fujian,Region13Fujian,3,2035,aluminum_scrap_share_weights.csv,28.4856792047119,0.970585629,0.04076070996411439,132.54526349247334,38173.03588583232
Gansu,Region28Gansu,3,2035,aluminum_scrap_share_weights.csv,28.4856792047119,0.471244322,0.01979037455053616,64.35413935932277,18533.992135484958
Guangdong,Region19Guangdong,3,2035,aluminum_scrap_share_weights.csv,28.4856792047119,1.714234545,0.07199098669037743,234.09956078684652,67420.6735066118
Guangxi,Region20Guangxi,3,2035,aluminum_scrap_share_weights.csv,28.4856792047119,1.2117178,0.05088729559600225,165.4747920026334,47656.74009675842
Guizhou,Region24Guizhou,3,2035,aluminum_scrap_share_weights.csv,28.4856792047119,1.08119526,0.04540587155905155,147.6503528814491,42523.30162985734
Hainan,Region21Hainan,3,2035,aluminum_scrap_share_weights.csv,28.4856792047119,0.183679462,0.007713801908091687,25.083662854177437,7224.094902003102
Hebei,Region3Hebei,3,2035,aluminum_scrap_share_weights.csv,28.4856792047119,1.184679495,0.04975179505375564,161.78238284929856,46593.32626059798
Heilongjiang,Region8Heilongjiang,3,2035,aluminum_scrap_share_weights.csv,28.4856792047119,0.24072257,0.01010938403002691,32.873592515591795,9467.594644490437
Henan,Region16Henan,3,2035,aluminum_scrap_share_weights.csv,28.4856792047119,1.175605239,0.0493707126372179,160.5431829100234,46236.43667808674
Hubei,Region17Hubei,3,2035,aluminum_scrap_share_weights.csv,28.4856792047119,0.98158572,0.04122266973915436,134.04745960631686,38605.668366619255
Hunan,Region18Hunan,3,2035,aluminum_scrap_share_weights.csv,28.4856792047119,1.103137521,0.04632735865906083,150.64683529265284,43386.28856428402
InnerMongolia,Region5Innermongolia,3,2035,aluminum_scrap_share_weights.csv,28.4856792047119,0.360645336,0.015145660002973918,49.25050367446928,14184.145058247152
Jiangsu,Region10Jiangsu,3,2035,aluminum_scrap_share_weights.csv,28.4856792047119,1.525384735,0.06406005086957917,208.30982407629654,59993.2293339734
Jiangxi,Region14Jiangxi,3,2035,aluminum_scrap_share_weights.csv,28.4856792047119,1.001981322,0.042079203354351245,136.8327269340053,39407.825356993526
Jilin,Region7Jilin,3,2035,aluminum_scrap_share_weights.csv,28.4856792047119,0.223045524,0.009367018881090311,30.4595770492258,8772.35819017703
Liaoning,Region6Liaoning,3,2035,aluminum_scrap_share_weights.csv,28.4856792047119,0.543993633,0.022845554307128414,74.28894192313747,21395.215273863592
Ningxia,Region30Ningxia,3,2035,aluminum_scrap_share_weights.csv,28.4856792047119,0.197772756,0.008305663823216946,27.00827343040398,7778.382747956347
Qinghai,Region29Qinghai,3,2035,aluminum_scrap_share_weights.csv,28.4856792047119,0.122457143,0.005142709658703468,16.72301113936078,4816.227208135904
Shaanxi,Region27Shaanxi,3,2035,aluminum_scrap_share_weights.csv,28.4856792047119,0.680239034,0.028567315590393258,92.89490726572001,26753.733292527362
Shandong,Region15Shandong,3,2035,aluminum_scrap_share_weights.csv,28.4856792047119,1.595272753,0.06699506777746377,217.8538823067082,62741.918104331955
Shanxi,Region4Shanxi,3,2035,aluminum_scrap_share_weights.csv,28.4856792047119,0.561042515,0.023561539083381895,76.6171739610158,22065.74610077255
Sichuan,Region23Sichuan,3,2035,aluminum_scrap_share_weights.csv,28.4856792047119,1.450296251,0.06090663521358757,198.05557901057819,57040.00675504652
Tibet,Region26Tibet,3,2035,aluminum_scrap_share_weights.csv,28.4856792047119,0.0,0.0,0.0,0.0
Xinjiang,Region31Xinjiang,3,2035,aluminum_scrap_share_weights.csv,28.4856792047119,0.402716599,0.0169124845857094,54.99584594328228,15838.803631665298
Yunnan,Region25Yunnan,3,2035,aluminum_scrap_share_weights.csv,28.4856792047119,1.311815695,0.05509100637041077,179.14437608815763,51593.58031338939
Zhejiang,Region11Zhejiang,3,2035,aluminum_scrap_share_weights.csv,28.4856792047119,1.32423125,0.05561240996559888,180.83987101380967,52081.882851977185
TOTAL,,3,2035,aluminum_scrap_share_weights.csv,28.4856792047119,23.811794001,1.0,3251.7898635515867,936515.480702857
Beijing,Region1Beijing,4,2040,aluminum_scrap_share_weights.csv,35.33945611720265,0.02864176,0.0012028392316344228,4.852475370136352,1397.5129065992694
Tianjin,Region2Tianjin,4,2040,aluminum_scrap_share_weights.csv,35.33945611720265,0.055062619,0.0023124095142805115,9.328686593027173,2686.661738791826
Anhui,Region12Anhui,4,2040,aluminum_scrap_share_weights.csv,35.33945611720265,1.417408174,0.059525467671208414,240.13671833591724,69159.37488074416
Shanghai,Region9Shanghai,4,2040,aluminum_scrap_share_weights.csv,35.33945611720265,0.039821138,0.001672328342766936,6.746481059676526,1942.9865451868395
Chongqing,Region22Chongqing,4,2040,aluminum_scrap_share_weights.csv,35.33945611720265,0.651578201,0.02736367536913163,110.39011471607378,31792.35303822925
Fujian,Region13Fujian,4,2040,aluminum_scrap_share_weights.csv,35.33945611720265,0.970585629,0.04076070996411439,164.43622386790474,47357.63247395657
Gansu,Region28Gansu,4,2040,aluminum_scrap_share_weights.csv,35.33945611720265,0.471244322,0.01979037455053616,79.83802202873024,22993.35034427431
Guangdong,Region19Guangdong,4,2040,aluminum_scrap_share_weights.csv,35.33945611720265,1.714234545,0.07199098669037743,290.424921801223,83642.37747875221
Guangxi,Region20Guangxi,4,2040,aluminum_scrap_share_weights.csv,35.33945611720265,1.2117178,0.05088729559600225,205.2887385431554,59123.15670042876
Guizhou,Region24Guizhou,4,2040,aluminum_scrap_share_weights.csv,35.33945611720265,1.08119526,0.04540587155905155,183.1756627196852,52754.59086326933
Hainan,Region21Hainan,4,2040,aluminum_scrap_share_weights.csv,35.33945611720265,0.183679462,0.007713801908091687,31.118900003173547,8962.243200913981
Hebei,Region3Hebei,4,2040,aluminum_scrap_share_weights.csv,35.33945611720265,1.184679495,0.04975179505375564,200.70791986920747,57803.88092233175
Heilongjiang,Region8Heilongjiang,4,2040,aluminum_scrap_share_weights.csv,35.33945611720265,0.24072257,0.01010938403002691,40.78312023984992,11745.538629076778
Henan,Region16Henan,4,2040,aluminum_scrap_share_weights.csv,35.33945611720265,1.175605239,0.0493707126372179,199.17056309566033,57361.122171550174
Hubei,Region17Hubei,4,2040,aluminum_scrap_share_weights.csv,35.33945611720265,0.98158572,0.04122266973915436,166.29985482657344,47894.35819005315
Hunan,Region18Hunan,4,2040,aluminum_scrap_share_weights.csv,35.33945611720265,1.103137521,0.04632735865906083,186.89311168467907,53825.21616518757
InnerMongolia,Region5Innermongolia,4,2040,aluminum_scrap_share_weights.csv,35.33945611720265,0.360645336,0.015145660002973918,61.10038664853518,17596.91135477813
Jiangsu,Region10Jiangsu,4,2040,aluminum_scrap_share_weights.csv,35.33945611720265,1.525384735,0.06406005086957917,258.43006353553227,74427.85829823329
Jiangxi,Region14Jiangxi,4,2040,aluminum_scrap_share_weights.csv,35.33945611720265,1.001981322,0.042079203354351245,169.75526945067836,48889.51760179536
Jilin,Region7Jilin,4,2040,aluminum_scrap_share_weights.csv,35.33945611720265,0.223045524,0.009367018881090311,37.78828227138125,10883.0252941578
Liaoning,Region6Liaoning,4,2040,aluminum_scrap_share_weights.csv,35.33945611720265,0.543993633,0.022845554307128414,92.16318081163638,26542.996073751277
Ningxia,Region30Ningxia,4,2040,aluminum_scrap_share_weights.csv,35.33945611720265,0.197772756,0.008305663823216946,33.50658016036677,9649.895086185628
Qinghai,Region29Qinghai,4,2040,aluminum_scrap_share_weights.csv,35.33945611720265,0.122457143,0.005142709658703468,20.74663953279286,5975.032185444344
Shaanxi,Region27Shaanxi,4,2040,aluminum_scrap_share_weights.csv,35.33945611720265,0.680239034,0.028567315590393258,115.24582142613947,33190.79657072817
Shandong,Region15Shandong,4,2040,aluminum_scrap_share_weights.csv,35.33945611720265,1.595272753,0.06699506777746377,270.2704632181162,77837.89340681747
Shanxi,Region4Shanxi,4,2040,aluminum_scrap_share_weights.csv,35.33945611720265,0.561042515,0.023561539083381895,95.05159548983215,27374.85950107166
Sichuan,Region23Sichuan,4,2040,aluminum_scrap_share_weights.csv,35.33945611720265,1.450296251,0.06090663521358757,245.7086030110785,70764.0776671906
Tibet,Region26Tibet,4,2040,aluminum_scrap_share_weights.csv,35.33945611720265,0.0,0.0,0.0,0.0
Xinjiang,Region31Xinjiang,4,2040,aluminum_scrap_share_weights.csv,35.33945611720265,0.402716599,0.0169124845857094,68.2280829736922,19649.68789642335
Yunnan,Region25Yunnan,4,2040,aluminum_scrap_share_weights.csv,35.33945611720265,1.311815695,0.05509100637041077,222.2472833424273,64007.21760261906
Zhejiang,Region11Zhejiang,4,2040,aluminum_scrap_share_weights.csv,35.33945611720265,1.32423125,0.05561240996559888,224.35072163826086,64613.00783181913
TOTAL,,4,2040,aluminum_scrap_share_weights.csv,35.33945611720265,23.811794001,1.0,4034.184488265143,1161845.1326203612
Beijing,Region1Beijing,5,2045,aluminum_scrap_share_weights.csv,36.12511421760247,0.02864176,0.0012028392316344228,4.9603544096126395,1428.5820699684402
Tianjin,Region2Tianjin,5,2045,aluminum_scrap_share_weights.csv,36.12511421760247,0.055062619,0.0023124095142805115,9.536079659960517,2746.390942068629
Anhui,Region12Anhui,5,2045,aluminum_scrap_share_weights.csv,36.12511421760247,1.417408174,0.059525467671208414,245.47537882175885,70696.90910066655
Shanghai,Region9Shanghai,5,2045,aluminum_scrap_share_weights.csv,36.12511421760247,0.039821138,0.001672328342766936,6.896467168012491,1986.1825443875975
Chongqing,Region22Chongqing,5,2045,aluminum_scrap_share_weights.csv,36.12511421760247,0.651578201,0.02736367536913163,112.84428060767986,32499.1528150118
Fujian,Region13Fujian,5,2045,aluminum_scrap_share_weights.csv,36.12511421760247,0.970585629,0.04076070996411439,168.09192957125566,48410.47571652163
Gansu,Region28Gansu,5,2045,aluminum_scrap_share_weights.csv,36.12511421760247,0.471244322,0.01979037455053616,81.61296130676394,23504.532856348014
Guangdong,Region19Guangdong,5,2045,aluminum_scrap_share_weights.csv,36.12511421760247,1.714234545,0.07199098669037743,296.88157726344565,85501.89425187235
Guangxi,Region20Guangxi,5,2045,aluminum_scrap_share_weights.csv,36.12511421760247,1.2117178,0.05088729559600225,209.85266730941558,60437.56818511169
Guizhou,Region24Guizhou,5,2045,aluminum_scrap_share_weights.csv,36.12511421760247,1.08119526,0.04540587155905155,187.24797902060786,53927.41795793506
Hainan,Region21Hainan,5,2045,aluminum_scrap_share_weights.csv,36.12511421760247,0.183679462,0.007713801908091687,31.810727737645216,9161.489588441822
Hebei,Region3Hebei,5,2045,aluminum_scrap_share_weights.csv,36.12511421760247,1.184679495,0.04975179505375564,205.17000900087584,59088.96259225224
Heilongjiang,Region8Heilongjiang,5,2045,aluminum_scrap_share_weights.csv,36.12511421760247,0.24072257,0.01010938403002691,41.68980054273157,12006.662556306692
Henan,Region16Henan,5,2045,aluminum_scrap_share_weights.csv,36.12511421760247,1.175605239,0.0493707126372179,203.59847408948932,58636.360537772925
Hubei,Region17Hubei,5,2045,aluminum_scrap_share_weights.csv,36.12511421760247,0.98158572,0.04122266973915436,169.99699231523473,48959.13378678761
Hunan,Region18Hunan,5,2045,aluminum_scrap_share_weights.csv,36.12511421760247,1.103137521,0.04632735865906083,191.0480733970785,55021.84513835861
InnerMongolia,Region5Innermongolia,5,2045,aluminum_scrap_share_weights.csv,36.12511421760247,0.360645336,0.015145660002973918,62.45875542333404,17988.121561920205
Jiangsu,Region10Jiangsu,5,2045,aluminum_scrap_share_weights.csv,36.12511421760247,1.525384735,0.06406005086957917,264.1754171745402,76082.52014626758
Jiangxi,Region14Jiangxi,5,2045,aluminum_scrap_share_weights.csv,36.12511421760247,1.001981322,0.042079203354351245,173.52922686776938,49976.417337917585
Jilin,Region7Jilin,5,2045,aluminum_scrap_share_weights.csv,36.12511421760247,0.223045524,0.009367018881090311,38.628382072811235,11124.974036969636
Liaoning,Region6Liaoning,5,2045,aluminum_scrap_share_weights.csv,36.12511421760247,0.543993633,0.022845554307128414,94.21212998966371,27133.093437023148
Ningxia,Region30Ningxia,5,2045,aluminum_scrap_share_weights.csv,36.12511421760247,0.197772756,0.008305663823216946,34.251490213096005,9864.42918137165
Qinghai,Region29Qinghai,5,2045,aluminum_scrap_share_weights.csv,36.12511421760247,0.122457143,0.005142709658703468,21.207873722446372,6107.867632064555
Shaanxi,Region27Shaanxi,5,2045,aluminum_scrap_share_weights.csv,36.12511421760247,0.680239034,0.028567315590393258,117.80793819557674,33928.6862003261
Shandong,Region15Shandong,5,2045,aluminum_scrap_share_weights.csv,36.12511421760247,1.595272753,0.06699506777746377,276.2790497119746,79568.36631704868
Shanxi,Region4Shanxi,5,2045,aluminum_scrap_share_weights.csv,36.12511421760247,0.561042515,0.023561539083381895,97.16475919288534,27983.450647550977
Sichuan,Region23Sichuan,5,2045,aluminum_scrap_share_weights.csv,36.12511421760247,1.450296251,0.06090663521358757,251.17113626720317,72337.28724495451
Tibet,Region26Tibet,5,2045,aluminum_scrap_share_weights.csv,36.12511421760247,0.0,0.0,0.0,0.0
Xinjiang,Region31Xinjiang,5,2045,aluminum_scrap_share_weights.csv,36.12511421760247,0.402716599,0.0169124845857094,69.74491294088965,20086.53492697622
Yunnan,Region25Yunnan,5,2045,aluminum_scrap_share_weights.csv,36.12511421760247,1.311815695,0.05509100637041077,227.18823030750622,65430.21032856179
Zhejiang,Region11Zhejiang,5,2045,aluminum_scrap_share_weights.csv,36.12511421760247,1.32423125,0.05561240996559888,229.3384317264148,66049.46833720747
TOTAL,,5,2045,aluminum_scrap_share_weights.csv,36.12511421760247,23.811794001,1.0,4123.87148602768,1187674.9879759718
Beijing,Region1Beijing,6,2050,aluminum_scrap_share_weights.csv,36.49604329006597,0.02864176,0.0012028392316344228,5.011286834328719,1443.2506082866712
Tianjin,Region2Tianjin,6,2050,aluminum_scrap_share_weights.csv,36.49604329006597,0.055062619,0.0023124095142805115,9.63399517551849,2774.590610549325
Anhui,Region12Anhui,6,2050,aluminum_scrap_share_weights.csv,36.49604329006597,1.417408174,0.059525467671208414,247.9958955467859,71422.81791747434
Shanghai,Region9Shanghai,6,2050,aluminum_scrap_share_weights.csv,36.49604329006597,0.039821138,0.001672328342766936,6.967279405573787,2006.576468805251
Chongqing,Region22Chongqing,6,2050,aluminum_scrap_share_weights.csv,36.49604329006597,0.651578201,0.02736367536913163,114.002954434605,32832.85087716624
Fujian,Region13Fujian,6,2050,aluminum_scrap_share_weights.csv,36.49604329006597,0.970585629,0.04076070996411439,169.81788075161438,48907.549656464944
Gansu,Region28Gansu,6,2050,aluminum_scrap_share_weights.csv,36.49604329006597,0.471244322,0.01979037455053616,82.45095505970178,23745.875057194113
Guangdong,Region19Guangdong,6,2050,aluminum_scrap_share_weights.csv,36.49604329006597,1.714234545,0.07199098669037743,299.9299277107965,86379.8191807094
Guangxi,Region20Guangxi,6,2050,aluminum_scrap_share_weights.csv,36.49604329006597,1.2117178,0.05088729559600225,212.007413582886,61058.13511187116
Guizhou,Region24Guizhou,6,2050,aluminum_scrap_share_weights.csv,36.49604329006597,1.08119526,0.04540587155905155,189.17062260757083,54481.1393109804
Hainan,Region21Hainan,6,2050,aluminum_scrap_share_weights.csv,36.49604329006597,0.183679462,0.007713801908091687,32.13735711971549,9255.55885047806
Hebei,Region3Hebei,6,2050,aluminum_scrap_share_weights.csv,36.49604329006597,1.184679495,0.04975179505375564,207.27667420552007,59695.68217118978
Heilongjiang,Region8Heilongjiang,6,2050,aluminum_scrap_share_weights.csv,36.49604329006597,0.24072257,0.01010938403002691,42.11786725979037,12129.945770819628
Henan,Region16Henan,6,2050,aluminum_scrap_share_weights.csv,36.49604329006597,1.175605239,0.0493707126372179,205.6890029302867,59238.43284392257
Hubei,Region17Hubei,6,2050,aluminum_scrap_share_weights.csv,36.49604329006597,0.98158572,0.04122266973915436,171.74250448998515,49461.84129311572
Hunan,Region18Hunan,6,2050,aluminum_scrap_share_weights.csv,36.49604329006597,1.103137521,0.04632735865906083,193.00973597437175,55586.803960619065
InnerMongolia,Region5Innermongolia,6,2050,aluminum_scrap_share_weights.csv,36.49604329006597,0.360645336,0.015145660002973918,63.10007569921881,18172.82180137502
Jiangsu,Region10Jiangsu,6,2050,aluminum_scrap_share_weights.csv,36.49604329006597,1.525384735,0.06406005086957917,266.88794402967915,76863.7278805476
Jiangxi,Region14Jiangxi,6,2050,aluminum_scrap_share_weights.csv,36.49604329006597,1.001981322,0.042079203354351245,175.31100767487354,50489.57021036358
Jilin,Region7Jilin,6,2050,aluminum_scrap_share_weights.csv,36.49604329006597,0.223045524,0.009367018881090311,39.02501445012983,11239.204161637392
Liaoning,Region6Liaoning,6,2050,aluminum_scrap_share_weights.csv,36.49604329006597,0.543993633,0.022845554307128414,95.17949075097165,27411.693336279837
Ningxia,Region30Ningxia,6,2050,aluminum_scrap_share_weights.csv,36.49604329006597,0.197772756,0.008305663823216946,34.603181101011465,9965.716157091301
Qinghai,Region29Qinghai,6,2050,aluminum_scrap_share_weights.csv,36.49604329006597,0.122457143,0.005142709658703468,21.425634056196593,6170.582608184619
Shaanxi,Region27Shaanxi,6,2050,aluminum_scrap_share_weights.csv,36.49604329006597,0.680239034,0.028567315590393258,119.01757836392338,34277.06256880993
Shandong,Region15Shandong,6,2050,aluminum_scrap_share_weights.csv,36.49604329006597,1.595272753,0.06699506777746377,279.11585545972844,80385.3663724018
Shanxi,Region4Shanxi,6,2050,aluminum_scrap_share_weights.csv,36.49604329006597,0.561042515,0.023561539083381895,98.16243725658526,28270.781929896555
Sichuan,Region23Sichuan,6,2050,aluminum_scrap_share_weights.csv,36.49604329006597,1.450296251,0.06090663521358757,253.75013646202606,73080.0393010635
Tibet,Region26Tibet,6,2050,aluminum_scrap_share_weights.csv,36.49604329006597,0.0,0.0,0.0,0.0
Xinjiang,Region31Xinjiang,6,2050,aluminum_scrap_share_weights.csv,36.49604329006597,0.402716599,0.0169124845857094,70.46104675600726,20292.78146573009
Yunnan,Region25Yunnan,6,2050,aluminum_scrap_share_weights.csv,36.49604329006597,1.311815695,0.05509100637041077,229.52097641413374,66102.04120727052
Zhejiang,Region11Zhejiang,6,2050,aluminum_scrap_share_weights.csv,36.49604329006597,1.32423125,0.05561240996559888,231.69325588691697,66727.65769543209
TOTAL,,6,2050,aluminum_scrap_share_weights.csv,36.49604329006597,23.811794001,1.0,4166.214987450453,1199869.9163857303
Beijing,Region1Beijing,7,2055,aluminum_scrap_share_weights.csv,37.87356085003033,0.02864176,0.0012028392316344228,5.200434341565074,1497.725090370741
Tianjin,Region2Tianjin,7,2055,aluminum_scrap_share_weights.csv,37.87356085003033,0.055062619,0.0023124095142805115,9.99762356727078,2879.3155873739847
Anhui,Region12Anhui,7,2055,aluminum_scrap_share_weights.csv,37.87356085003033,1.417408174,0.059525467671208414,257.3563267091353,74118.62209223097
Shanghai,Region9Shanghai,7,2055,aluminum_scrap_share_weights.csv,37.87356085003033,0.039821138,0.001672328342766936,7.230254480709354,2082.3132904442937
Chongqing,Region22Chongqing,7,2055,aluminum_scrap_share_weights.csv,37.87356085003033,0.651578201,0.02736367536913163,118.30591600151632,34072.1038084367
Fujian,Region13Fujian,7,2055,aluminum_scrap_share_weights.csv,37.87356085003033,0.970585629,0.04076070996411439,176.22753757035665,50753.53082026271
Gansu,Region28Gansu,7,2055,aluminum_scrap_share_weights.csv,37.87356085003033,0.471244322,0.01979037455053616,85.56300853705743,24642.146458672538
Guangdong,Region19Guangdong,7,2055,aluminum_scrap_share_weights.csv,37.87356085003033,1.714234545,0.07199098669037743,311.2505724967732,89640.16487907068
Guangxi,Region20Guangxi,7,2055,aluminum_scrap_share_weights.csv,37.87356085003033,1.2117178,0.05088729559600225,220.00948473158354,63362.73160269606
Guizhou,Region24Guizhou,7,2055,aluminum_scrap_share_weights.csv,37.87356085003033,1.08119526,0.04540587155905155,196.31073509593614,56537.49170762961
Hainan,Region21Hainan,7,2055,aluminum_scrap_share_weights.csv,37.87356085003033,0.183679462,0.007713801908091687,33.35035912684825,9604.903428532296
Hebei,Region3Hebei,7,2055,aluminum_scrap_share_weights.csv,37.87356085003033,1.184679495,0.04975179505375564,215.10018691400143,61948.85383123241
Heilongjiang,Region8Heilongjiang,7,2055,aluminum_scrap_share_weights.csv,37.87356085003033,0.24072257,0.01010938403002691,43.70757662300789,12587.782067426271
Henan,Region16Henan,7,2055,aluminum_scrap_share_weights.csv,37.87356085003033,1.175605239,0.0493707126372179,213.4525900998897,61474.345948768234
Hubei,Region17Hubei,7,2055,aluminum_scrap_share_weights.csv,37.87356085003033,0.98158572,0.04122266973915436,178.22480488202817,51328.74380602411
Hunan,Region18Hunan,7,2055,aluminum_scrap_share_weights.csv,37.87356085003033,1.103137521,0.04632735865906083,200.29475310446577,57684.88889408614
InnerMongolia,Region5Innermongolia,7,2055,aluminum_scrap_share_weights.csv,37.87356085003033,0.360645336,0.015145660002973918,65.48174380553691,18858.74221599463
Jiangsu,Region10Jiangsu,7,2055,aluminum_scrap_share_weights.csv,37.87356085003033,1.525384735,0.06406005086957917,276.9614423133613,79764.89538624806
Jiangxi,Region14Jiangxi,7,2055,aluminum_scrap_share_weights.csv,37.87356085003033,1.001981322,0.042079203354351245,181.927998717103,52395.26363052567
Jilin,Region7Jilin,7,2055,aluminum_scrap_share_weights.csv,37.87356085003033,0.223045524,0.009367018881090311,40.49798625300878,11663.42004086653
Liaoning,Region6Liaoning,7,2055,aluminum_scrap_share_weights.csv,37.87356085003033,0.543993633,0.022845554307128414,98.77197388170097,28446.32847792988
Ningxia,Region30Ningxia,7,2055,aluminum_scrap_share_weights.csv,37.87356085003033,0.197772756,0.008305663823216946,35.909253905080206,10341.8651246631
Qinghai,Region29Qinghai,7,2055,aluminum_scrap_share_weights.csv,37.87356085003033,0.122457143,0.005142709658703468,22.234329588235678,6403.486921411875
Shaanxi,Region27Shaanxi,7,2055,aluminum_scrap_share_weights.csv,37.87356085003033,0.680239034,0.028567315590393258,123.5098133943812,35570.826257581786
Shandong,Region15Shandong,7,2055,aluminum_scrap_share_weights.csv,37.87356085003033,1.595272753,0.06699506777746377,289.65088768512334,83419.45565331553
Shanxi,Region4Shanxi,7,2055,aluminum_scrap_share_weights.csv,37.87356085003033,0.561042515,0.023561539083381895,101.8675096112822,29337.842768049275
Sichuan,Region23Sichuan,7,2055,aluminum_scrap_share_weights.csv,37.87356085003033,1.450296251,0.06090663521358757,263.3277574123755,75838.39413476414
Tibet,Region26Tibet,7,2055,aluminum_scrap_share_weights.csv,37.87356085003033,0.0,0.0,0.0,0.0
Xinjiang,Region31Xinjiang,7,2055,aluminum_scrap_share_weights.csv,37.87356085003033,0.402716599,0.0169124845857094,73.12054955274715,21058.71827119118
Yunnan,Region25Yunnan,7,2055,aluminum_scrap_share_weights.csv,37.87356085003033,1.311815695,0.05509100637041077,238.1840847099499,68597.01639646557
Zhejiang,Region11Zhejiang,7,2055,aluminum_scrap_share_weights.csv,37.87356085003033,1.32423125,0.05561240996559888,240.4383553480528,69246.2463402392
TOTAL,,7,2055,aluminum_scrap_share_weights.csv,37.87356085003033,23.811794001,1.0,4323.465850460084,1245158.164932504
