Type,id,location,storage--commodity,storage--can_expand,storage--can_retire,storage--constraints--BalanceConstraint,storage--constraints--MinStorageLevelConstraint,storage--constraints--StorageChargeDischargeRatioConstraint,edges--inflow_edge--type,edges--inflow_edge--unidirectional,edges--inflow_edge--has_capacity,edges--inflow_edge--can_expand,edges--inflow_edge--can_retire,edges--inflow_edge--constraints--MustRunConstraint,edges--discharge_edge--type,edges--discharge_edge--unidirectional,edges--discharge_edge--has_capacity,edges--discharge_edge--can_expand,edges--discharge_edge--can_retire,edges--discharge_edge--constraints--CapacityConstraint,edges--discharge_edge--constraints--RampingLimitConstraint,storage--lifetime,storage--wacc,storage--capital_recovery_period,storage--fixed_om_cost,storage--variable_om_cost,storage--investment_cost,storage--min_storage_level,storage--charge_discharge_ratio,storage--existing_capacity,edges--inflow_edge--efficiency,edges--inflow_edge--start_vertex,edges--inflow_edge--availability--timeseries--path,edges--inflow_edge--availability--timeseries--TDR_path,edges--inflow_edge--availability--timeseries--header,edges--discharge_edge--end_vertex,edges--discharge_edge--existing_capacity,edges--discharge_edge--lifetime,edges--discharge_edge--wacc,edges--discharge_edge--capital_recovery_period,edges--discharge_edge--fixed_om_cost,edges--discharge_edge--variable_om_cost,edges--discharge_edge--investment_cost,edges--discharge_edge--ramp_down_fraction,edges--discharge_edge--ramp_up_fraction,edges--discharge_edge--efficiency,edges--spill_edge--type,edges--spill_edge--unidirectional,edges--spill_edge--end_vertex,edges--spill_edge--can_expand,edges--spill_edge--can_retire,edges--spill_edge--has_capacity,Note
HydroRes,Region1Beijing_Hydropower,Region1Beijing,Electricity,FALSE,FALSE,TRUE,TRUE,TRUE,Electricity,TRUE,TRUE,FALSE,FALSE,TRUE,Electricity,TRUE,TRUE,FALSE,FALSE,TRUE,TRUE,100,0.08,30,1000,1,1000000,0.3,1,1314293.703,1,hydro_source,system/vre_availability_1.csv,system/TDR_results/vre_availability_1.csv,Region1Beijing_Hydropower,elec_Region1Beijing,892,30,0.08,20,36013.88889,0.1,1000000,1,1,0.9,Electricity,TRUE,hydro_source,FALSE,FALSE,FALSE,WIP
HydroRes,Region2Tianjin_Hydropower,Region2Tianjin,Electricity,FALSE,FALSE,TRUE,TRUE,TRUE,Electricity,TRUE,TRUE,FALSE,FALSE,TRUE,Electricity,TRUE,TRUE,FALSE,FALSE,TRUE,TRUE,100,0.08,30,1000,1,1000000,0.3,1,1314293.703,1,hydro_source,system/vre_availability_1.csv,system/TDR_results/vre_availability_1.csv,Region2Tianjin_Hydropower,elec_Region2Tianjin,0,30,0.08,20,36013.88889,0.1,1000000,1,1,0.9,Electricity,TRUE,hydro_source,FALSE,FALSE,FALSE,WIP
HydroRes,Region3Hebei_Hydropower,Region3Hebei,Electricity,FALSE,FALSE,TRUE,TRUE,TRUE,Electricity,TRUE,TRUE,FALSE,FALSE,TRUE,Electricity,TRUE,TRUE,FALSE,FALSE,TRUE,TRUE,100,0.08,30,1000,1,1000000,0.3,1,1314293.703,1,hydro_source,system/vre_availability_1.csv,system/TDR_results/vre_availability_1.csv,Region3Hebei_Hydropower,elec_Region3Hebei,5570,30,0.08,20,36013.88889,0.1,1000000,1,1,0.9,Electricity,TRUE,hydro_source,FALSE,FALSE,FALSE,WIP
HydroRes,Region4Shanxi_Hydropower,Region4Shanxi,Electricity,FALSE,FALSE,TRUE,TRUE,TRUE,Electricity,TRUE,TRUE,FALSE,FALSE,TRUE,Electricity,TRUE,TRUE,FALSE,FALSE,TRUE,TRUE,100,0.08,30,1000,1,1000000,0.3,1,1314293.703,1,hydro_source,system/vre_availability_1.csv,system/TDR_results/vre_availability_1.csv,Region4Shanxi_Hydropower,elec_Region4Shanxi,1200,30,0.08,20,36013.88889,0.1,1000000,1,1,0.9,Electricity,TRUE,hydro_source,FALSE,FALSE,FALSE,WIP
HydroRes,Region5Innermongolia_Hydropower,Region5Innermongolia,Electricity,FALSE,FALSE,TRUE,TRUE,TRUE,Electricity,TRUE,TRUE,FALSE,FALSE,TRUE,Electricity,TRUE,TRUE,FALSE,FALSE,TRUE,TRUE,100,0.08,30,1000,1,1000000,0.3,1,1314293.703,1,hydro_source,system/vre_availability_1.csv,system/TDR_results/vre_availability_1.csv,Region5Innermongolia_Hydropower,elec_Region5Innermongolia,1960,30,0.08,20,36013.88889,0.1,1000000,1,1,0.9,Electricity,TRUE,hydro_source,FALSE,FALSE,FALSE,WIP
HydroRes,Region6Liaoning_Hydropower,Region6Liaoning,Electricity,FALSE,FALSE,TRUE,TRUE,TRUE,Electricity,TRUE,TRUE,FALSE,FALSE,TRUE,Electricity,TRUE,TRUE,FALSE,FALSE,TRUE,TRUE,100,0.08,30,1000,1,1000000,0.3,1,1314293.703,1,hydro_source,system/vre_availability_1.csv,system/TDR_results/vre_availability_1.csv,Region6Liaoning_Hydropower,elec_Region6Liaoning,3995,30,0.08,20,36013.88889,0.1,1000000,1,1,0.9,Electricity,TRUE,hydro_source,FALSE,FALSE,FALSE,WIP
HydroRes,Region7Jilin_Hydropower,Region7Jilin,Electricity,FALSE,FALSE,TRUE,TRUE,TRUE,Electricity,TRUE,TRUE,FALSE,FALSE,TRUE,Electricity,TRUE,TRUE,FALSE,FALSE,TRUE,TRUE,100,0.08,30,1000,1,1000000,0.3,1,1314293.703,1,hydro_source,system/vre_availability_1.csv,system/TDR_results/vre_availability_1.csv,Region7Jilin_Hydropower,elec_Region7Jilin,5845,30,0.08,20,36013.88889,0.1,1000000,1,1,0.9,Electricity,TRUE,hydro_source,FALSE,FALSE,FALSE,WIP
HydroRes,Region8Heilongjiang_Hydropower,Region8Heilongjiang,Electricity,FALSE,FALSE,TRUE,TRUE,TRUE,Electricity,TRUE,TRUE,FALSE,FALSE,TRUE,Electricity,TRUE,TRUE,FALSE,FALSE,TRUE,TRUE,100,0.08,30,1000,1,1000000,0.3,1,1314293.703,1,hydro_source,system/vre_availability_1.csv,system/TDR_results/vre_availability_1.csv,Region8Heilongjiang_Hydropower,elec_Region8Heilongjiang,1296,30,0.08,20,36013.88889,0.1,1000000,1,1,0.9,Electricity,TRUE,hydro_source,FALSE,FALSE,FALSE,WIP
HydroRes,Region9Shanghai_Hydropower,Region9Shanghai,Electricity,FALSE,FALSE,TRUE,TRUE,TRUE,Electricity,TRUE,TRUE,FALSE,FALSE,TRUE,Electricity,TRUE,TRUE,FALSE,FALSE,TRUE,TRUE,100,0.08,30,1000,1,1000000,0.3,1,1314293.703,1,hydro_source,system/vre_availability_1.csv,system/TDR_results/vre_availability_1.csv,Region9Shanghai_Hydropower,elec_Region9Shanghai,6343,30,0.08,20,36013.88889,0.1,1000000,1,1,0.9,Electricity,TRUE,hydro_source,FALSE,FALSE,FALSE,WIP
HydroRes,Region10Jiangsu_Hydropower,Region10Jiangsu,Electricity,FALSE,FALSE,TRUE,TRUE,TRUE,Electricity,TRUE,TRUE,FALSE,FALSE,TRUE,Electricity,TRUE,TRUE,FALSE,FALSE,TRUE,TRUE,100,0.08,30,1000,1,1000000,0.3,1,1314293.703,1,hydro_source,system/vre_availability_1.csv,system/TDR_results/vre_availability_1.csv,Region10Jiangsu_Hydropower,elec_Region10Jiangsu,3275,30,0.08,20,36013.88889,0.1,1000000,1,1,0.9,Electricity,TRUE,hydro_source,FALSE,FALSE,FALSE,WIP
HydroRes,Region11Zhejiang_Hydropower,Region11Zhejiang,Electricity,FALSE,FALSE,TRUE,TRUE,TRUE,Electricity,TRUE,TRUE,FALSE,FALSE,TRUE,Electricity,TRUE,TRUE,FALSE,FALSE,TRUE,TRUE,100,0.08,30,1000,1,1000000,0.3,1,1314293.703,1,hydro_source,system/vre_availability_1.csv,system/TDR_results/vre_availability_1.csv,Region11Zhejiang_Hydropower,elec_Region11Zhejiang,10129,30,0.08,20,36013.88889,0.1,1000000,1,1,0.9,Electricity,TRUE,hydro_source,FALSE,FALSE,FALSE,WIP
HydroRes,Region12Anhui_Hydropower,Region12Anhui,Electricity,FALSE,FALSE,TRUE,TRUE,TRUE,Electricity,TRUE,TRUE,FALSE,FALSE,TRUE,Electricity,TRUE,TRUE,FALSE,FALSE,TRUE,TRUE,100,0.08,30,1000,1,1000000,0.3,1,1314293.703,1,hydro_source,system/vre_availability_1.csv,system/TDR_results/vre_availability_1.csv,Region12Anhui_Hydropower,elec_Region12Anhui,5071,30,0.08,20,36013.88889,0.1,1000000,1,1,0.9,Electricity,TRUE,hydro_source,FALSE,FALSE,FALSE,WIP
HydroRes,Region13Fujian_Hydropower,Region13Fujian,Electricity,FALSE,FALSE,TRUE,TRUE,TRUE,Electricity,TRUE,TRUE,FALSE,FALSE,TRUE,Electricity,TRUE,TRUE,FALSE,FALSE,TRUE,TRUE,100,0.08,30,1000,1,1000000,0.3,1,1314293.703,1,hydro_source,system/vre_availability_1.csv,system/TDR_results/vre_availability_1.csv,Region13Fujian_Hydropower,elec_Region13Fujian,8922,30,0.08,20,36013.88889,0.1,1000000,1,1,0.9,Electricity,TRUE,hydro_source,FALSE,FALSE,FALSE,WIP
HydroRes,Region14Jiangxi_Hydropower,Region14Jiangxi,Electricity,FALSE,FALSE,TRUE,TRUE,TRUE,Electricity,TRUE,TRUE,FALSE,FALSE,TRUE,Electricity,TRUE,TRUE,FALSE,FALSE,TRUE,TRUE,100,0.08,30,1000,1,1000000,0.3,1,1314293.703,1,hydro_source,system/vre_availability_1.csv,system/TDR_results/vre_availability_1.csv,Region14Jiangxi_Hydropower,elec_Region14Jiangxi,3327,30,0.08,20,36013.88889,0.1,1000000,1,1,0.9,Electricity,TRUE,hydro_source,FALSE,FALSE,FALSE,WIP
HydroRes,Region15Shandong_Hydropower,Region15Shandong,Electricity,FALSE,FALSE,TRUE,TRUE,TRUE,Electricity,TRUE,TRUE,FALSE,FALSE,TRUE,Electricity,TRUE,TRUE,FALSE,FALSE,TRUE,TRUE,100,0.08,30,1000,1,1000000,0.3,1,1314293.703,1,hydro_source,system/vre_availability_1.csv,system/TDR_results/vre_availability_1.csv,Region15Shandong_Hydropower,elec_Region15Shandong,4000,30,0.08,20,36013.88889,0.1,1000000,1,1,0.9,Electricity,TRUE,hydro_source,FALSE,FALSE,FALSE,WIP
HydroRes,Region16Henan_Hydropower,Region16Henan,Electricity,FALSE,FALSE,TRUE,TRUE,TRUE,Electricity,TRUE,TRUE,FALSE,FALSE,TRUE,Electricity,TRUE,TRUE,FALSE,FALSE,TRUE,TRUE,100,0.08,30,1000,1,1000000,0.3,1,1314293.703,1,hydro_source,system/vre_availability_1.csv,system/TDR_results/vre_availability_1.csv,Region16Henan_Hydropower,elec_Region16Henan,5170,30,0.08,20,36013.88889,0.1,1000000,1,1,0.9,Electricity,TRUE,hydro_source,FALSE,FALSE,FALSE,WIP
HydroRes,Region17Hubei_Hydropower,Region17Hubei,Electricity,FALSE,FALSE,TRUE,TRUE,TRUE,Electricity,TRUE,TRUE,FALSE,FALSE,TRUE,Electricity,TRUE,TRUE,FALSE,FALSE,TRUE,TRUE,100,0.08,30,1000,1,1000000,0.3,1,1314293.703,1,hydro_source,system/vre_availability_1.csv,system/TDR_results/vre_availability_1.csv,Region17Hubei_Hydropower,elec_Region17Hubei,33464,30,0.08,20,36013.88889,0.1,1000000,1,1,0.9,Electricity,TRUE,hydro_source,FALSE,FALSE,FALSE,WIP
HydroRes,Region18Hunan_Hydropower,Region18Hunan,Electricity,FALSE,FALSE,TRUE,TRUE,TRUE,Electricity,TRUE,TRUE,FALSE,FALSE,TRUE,Electricity,TRUE,TRUE,FALSE,FALSE,TRUE,TRUE,100,0.08,30,1000,1,1000000,0.3,1,1314293.703,1,hydro_source,system/vre_availability_1.csv,system/TDR_results/vre_availability_1.csv,Region18Hunan_Hydropower,elec_Region18Hunan,10668,30,0.08,20,36013.88889,0.1,1000000,1,1,0.9,Electricity,TRUE,hydro_source,FALSE,FALSE,FALSE,WIP
HydroRes,Region19Guangdong_Hydropower,Region19Guangdong,Electricity,FALSE,FALSE,TRUE,TRUE,TRUE,Electricity,TRUE,TRUE,FALSE,FALSE,TRUE,Electricity,TRUE,TRUE,FALSE,FALSE,TRUE,TRUE,100,0.08,30,1000,1,1000000,0.3,1,1314293.703,1,hydro_source,system/vre_availability_1.csv,system/TDR_results/vre_availability_1.csv,Region19Guangdong_Hydropower,elec_Region19Guangdong,12682,30,0.08,20,36013.88889,0.1,1000000,1,1,0.9,Electricity,TRUE,hydro_source,FALSE,FALSE,FALSE,WIP
HydroRes,Region20Guangxi_Hydropower,Region20Guangxi,Electricity,FALSE,FALSE,TRUE,TRUE,TRUE,Electricity,TRUE,TRUE,FALSE,FALSE,TRUE,Electricity,TRUE,TRUE,FALSE,FALSE,TRUE,TRUE,100,0.08,30,1000,1,1000000,0.3,1,1314293.703,1,hydro_source,system/vre_availability_1.csv,system/TDR_results/vre_availability_1.csv,Region20Guangxi_Hydropower,elec_Region20Guangxi,15330,30,0.08,20,36013.88889,0.1,1000000,1,1,0.9,Electricity,TRUE,hydro_source,FALSE,FALSE,FALSE,WIP
HydroRes,Region21Hainan_Hydropower,Region21Hainan,Electricity,FALSE,FALSE,TRUE,TRUE,TRUE,Electricity,TRUE,TRUE,FALSE,FALSE,TRUE,Electricity,TRUE,TRUE,FALSE,FALSE,TRUE,TRUE,100,0.08,30,1000,1,1000000,0.3,1,1314293.703,1,hydro_source,system/vre_availability_1.csv,system/TDR_results/vre_availability_1.csv,Region21Hainan_Hydropower,elec_Region21Hainan,1002,30,0.08,20,36013.88889,0.1,1000000,1,1,0.9,Electricity,TRUE,hydro_source,FALSE,FALSE,FALSE,WIP
HydroRes,Region22Chongqing_Hydropower,Region22Chongqing,Electricity,FALSE,FALSE,TRUE,TRUE,TRUE,Electricity,TRUE,TRUE,FALSE,FALSE,TRUE,Electricity,TRUE,TRUE,FALSE,FALSE,TRUE,TRUE,100,0.08,30,1000,1,1000000,0.3,1,1314293.703,1,hydro_source,system/vre_availability_1.csv,system/TDR_results/vre_availability_1.csv,Region22Chongqing_Hydropower,elec_Region22Chongqing,5834,30,0.08,20,36013.88889,0.1,1000000,1,1,0.9,Electricity,TRUE,hydro_source,FALSE,FALSE,FALSE,WIP
HydroRes,Region23Sichuan_Hydropower,Region23Sichuan,Electricity,FALSE,FALSE,TRUE,TRUE,TRUE,Electricity,TRUE,TRUE,FALSE,FALSE,TRUE,Electricity,TRUE,TRUE,FALSE,FALSE,TRUE,TRUE,100,0.08,30,1000,1,1000000,0.3,1,1314293.703,1,hydro_source,system/vre_availability_1.csv,system/TDR_results/vre_availability_1.csv,Region23Sichuan_Hydropower,elec_Region23Sichuan,77966,30,0.08,20,36013.88889,0.1,1000000,1,1,0.9,Electricity,TRUE,hydro_source,FALSE,FALSE,FALSE,WIP
HydroRes,Region24Guizhou_Hydropower,Region24Guizhou,Electricity,FALSE,FALSE,TRUE,TRUE,TRUE,Electricity,TRUE,TRUE,FALSE,FALSE,TRUE,Electricity,TRUE,TRUE,FALSE,FALSE,TRUE,TRUE,100,0.08,30,1000,1,1000000,0.3,1,1314293.703,1,hydro_source,system/vre_availability_1.csv,system/TDR_results/vre_availability_1.csv,Region24Guizhou_Hydropower,elec_Region24Guizhou,16735,30,0.08,20,36013.88889,0.1,1000000,1,1,0.9,Electricity,TRUE,hydro_source,FALSE,FALSE,FALSE,WIP
HydroRes,Region25Yunnan_Hydropower,Region25Yunnan,Electricity,FALSE,FALSE,TRUE,TRUE,TRUE,Electricity,TRUE,TRUE,FALSE,FALSE,TRUE,Electricity,TRUE,TRUE,FALSE,FALSE,TRUE,TRUE,100,0.08,30,1000,1,1000000,0.3,1,1314293.703,1,hydro_source,system/vre_availability_1.csv,system/TDR_results/vre_availability_1.csv,Region25Yunnan_Hydropower,elec_Region25Yunnan,78760,30,0.08,20,36013.88889,0.1,1000000,1,1,0.9,Electricity,TRUE,hydro_source,FALSE,FALSE,FALSE,WIP
HydroRes,Region26Tibet_Hydropower,Region26Tibet,Electricity,FALSE,FALSE,TRUE,TRUE,TRUE,Electricity,TRUE,TRUE,FALSE,FALSE,TRUE,Electricity,TRUE,TRUE,FALSE,FALSE,TRUE,TRUE,100,0.08,30,1000,1,1000000,0.3,1,1314293.703,1,hydro_source,system/vre_availability_1.csv,system/TDR_results/vre_availability_1.csv,Region26Tibet_Hydropower,elec_Region26Tibet,2071,30,0.08,20,36013.88889,0.1,1000000,1,1,0.9,Electricity,TRUE,hydro_source,FALSE,FALSE,FALSE,WIP
HydroRes,Region27Shaanxi_Hydropower,Region27Shaanxi,Electricity,FALSE,FALSE,TRUE,TRUE,TRUE,Electricity,TRUE,TRUE,FALSE,FALSE,TRUE,Electricity,TRUE,TRUE,FALSE,FALSE,TRUE,TRUE,100,0.08,30,1000,1,1000000,0.3,1,1314293.703,1,hydro_source,system/vre_availability_1.csv,system/TDR_results/vre_availability_1.csv,Region27Shaanxi_Hydropower,elec_Region27Shaanxi,3866,30,0.08,20,36013.88889,0.1,1000000,1,1,0.9,Electricity,TRUE,hydro_source,FALSE,FALSE,FALSE,WIP
HydroRes,Region28Gansu_Hydropower,Region28Gansu,Electricity,FALSE,FALSE,TRUE,TRUE,TRUE,Electricity,TRUE,TRUE,FALSE,FALSE,TRUE,Electricity,TRUE,TRUE,FALSE,FALSE,TRUE,TRUE,100,0.08,30,1000,1,1000000,0.3,1,1314293.703,1,hydro_source,system/vre_availability_1.csv,system/TDR_results/vre_availability_1.csv,Region28Gansu_Hydropower,elec_Region28Gansu,5514,30,0.08,20,36013.88889,0.1,1000000,1,1,0.9,Electricity,TRUE,hydro_source,FALSE,FALSE,FALSE,WIP
HydroRes,Region29Qinghai_Hydropower,Region29Qinghai,Electricity,FALSE,FALSE,TRUE,TRUE,TRUE,Electricity,TRUE,TRUE,FALSE,FALSE,TRUE,Electricity,TRUE,TRUE,FALSE,FALSE,TRUE,TRUE,100,0.08,30,1000,1,1000000,0.3,1,1314293.703,1,hydro_source,system/vre_availability_1.csv,system/TDR_results/vre_availability_1.csv,Region29Qinghai_Hydropower,elec_Region29Qinghai,15360,30,0.08,20,36013.88889,0.1,1000000,1,1,0.9,Electricity,TRUE,hydro_source,FALSE,FALSE,FALSE,WIP
HydroRes,Region30Ningxia_Hydropower,Region30Ningxia,Electricity,FALSE,FALSE,TRUE,TRUE,TRUE,Electricity,TRUE,TRUE,FALSE,FALSE,TRUE,Electricity,TRUE,TRUE,FALSE,FALSE,TRUE,TRUE,100,0.08,30,1000,1,1000000,0.3,1,1314293.703,1,hydro_source,system/vre_availability_1.csv,system/TDR_results/vre_availability_1.csv,Region30Ningxia_Hydropower,elec_Region30Ningxia,425,30,0.08,20,36013.88889,0.1,1000000,1,1,0.9,Electricity,TRUE,hydro_source,FALSE,FALSE,FALSE,WIP
HydroRes,Region31Xinjiang_Hydropower,Region31Xinjiang,Electricity,FALSE,FALSE,TRUE,TRUE,TRUE,Electricity,TRUE,TRUE,FALSE,FALSE,TRUE,Electricity,TRUE,TRUE,FALSE,FALSE,TRUE,TRUE,100,0.08,30,1000,1,1000000,0.3,1,1314293.703,1,hydro_source,system/vre_availability_1.csv,system/TDR_results/vre_availability_1.csv,Region31Xinjiang_Hydropower,elec_Region31Xinjiang,7559,30,0.08,20,36013.88889,0.1,1000000,1,1,0.9,Electricity,TRUE,hydro_source,FALSE,FALSE,FALSE,WIP
