Type,id,location,edges--elec_edge--constraints--MinFlowConstraint,edges--elec_edge--constraints--MinDownTimeConstraint,edges--elec_edge--constraints--CapacityConstraint,edges--elec_edge--constraints--MinUpTimeConstraint,edges--elec_edge--constraints--RampingLimitConstraint,edges--elec_edge--constraints--MinCapacityConstraint,edges--elec_edge--constraints--MaxCapacityConstraint,edges--elec_edge--can_retire,edges--elec_edge--unidirectional,edges--elec_edge--commodity,edges--elec_edge--can_expand,edges--elec_edge--uc,edges--elec_edge--has_capacity,edges--fuel_edge--unidirectional,edges--fuel_edge--commodity,edges--fuel_edge--has_capacity,edges--co2_edge--end_vertex,edges--co2_edge--unidirectional,edges--co2_edge--commodity,edges--co2_edge--has_capacity,transforms--constraints--BalanceConstraint,transforms--timedata,edges--elec_edge--integer_decisions,edges--elec_edge--min_down_time,edges--elec_edge--lifetime,edges--elec_edge--wacc,edges--elec_edge--capital_recovery_period,edges--elec_edge--fixed_om_cost,edges--elec_edge--min_capacity,edges--elec_edge--existing_capacity,edges--elec_edge--min_up_time,edges--elec_edge--capacity_size,edges--elec_edge--ramp_down_fraction,edges--elec_edge--end_vertex,edges--elec_edge--variable_om_cost,edges--elec_edge--investment_cost,edges--elec_edge--ramp_up_fraction,edges--elec_edge--min_flow_fraction,edges--elec_edge--startup_cost,edges--elec_edge--startup_fuel_consumption,edges--fuel_edge--start_vertex,transforms--fuel_consumption,transforms--emission_rate,Note
ThermalPower,Region1Beijing_naturalgas_power,Region1Beijing,TRUE,TRUE,TRUE,TRUE,TRUE,TRUE,FALSE,TRUE,TRUE,Electricity,TRUE,TRUE,TRUE,TRUE,NaturalGas,FALSE,co2_sink_national_period1,TRUE,CO2,FALSE,TRUE,NaturalGas,FALSE,6,40,0.08,40,10556,4551.432,11378.58,6,200,1,elec_Region1Beijing,3.194444444,408333.3333,1,0.3,43.05555556,0,natgas_Region1Beijing,1.72818,0.18054,WIP
ThermalPower,Region2Tianjin_naturalgas_power,Region2Tianjin,TRUE,TRUE,TRUE,TRUE,TRUE,TRUE,FALSE,TRUE,TRUE,Electricity,TRUE,TRUE,TRUE,TRUE,NaturalGas,FALSE,co2_sink_national_period1,TRUE,CO2,FALSE,TRUE,NaturalGas,FALSE,6,40,0.08,40,10556,1842.704,4606.76,6,200,1,elec_Region2Tianjin,3.194444444,408333.3333,1,0.3,43.05555556,0,natgas_Region2Tianjin,1.72818,0.18054,WIP
ThermalPower,Region3Hebei_naturalgas_power,Region3Hebei,TRUE,TRUE,TRUE,TRUE,TRUE,TRUE,FALSE,TRUE,TRUE,Electricity,TRUE,TRUE,TRUE,TRUE,NaturalGas,FALSE,co2_sink_national_period1,TRUE,CO2,FALSE,TRUE,NaturalGas,FALSE,6,40,0.08,40,10556,1015.54,2538.85,6,200,1,elec_Region3Hebei,3.194444444,408333.3333,1,0.3,43.05555556,0,natgas_Region3Hebei,1.72818,0.18054,WIP
ThermalPower,Region4Shanxi_naturalgas_power,Region4Shanxi,TRUE,TRUE,TRUE,TRUE,TRUE,TRUE,FALSE,TRUE,TRUE,Electricity,TRUE,TRUE,TRUE,TRUE,NaturalGas,FALSE,co2_sink_national_period1,TRUE,CO2,FALSE,TRUE,NaturalGas,FALSE,6,40,0.08,40,10556,2219.208,5548.02,6,200,1,elec_Region4Shanxi,3.194444444,408333.3333,1,0.3,43.05555556,0,natgas_Region4Shanxi,1.72818,0.18054,WIP
ThermalPower,Region5Innermongolia_naturalgas_power,Region5Innermongolia,TRUE,TRUE,TRUE,TRUE,TRUE,TRUE,FALSE,TRUE,TRUE,Electricity,TRUE,TRUE,TRUE,TRUE,NaturalGas,FALSE,co2_sink_national_period1,TRUE,CO2,FALSE,TRUE,NaturalGas,FALSE,6,40,0.08,40,10556,279.496,698.74,6,200,1,elec_Region5Innermongolia,3.194444444,408333.3333,1,0.3,43.05555556,0,natgas_Region5Innermongolia,1.72818,0.18054,WIP
ThermalPower,Region6Liaoning_naturalgas_power,Region6Liaoning,TRUE,TRUE,TRUE,TRUE,TRUE,TRUE,FALSE,TRUE,TRUE,Electricity,TRUE,TRUE,TRUE,TRUE,NaturalGas,FALSE,co2_sink_national_period1,TRUE,CO2,FALSE,TRUE,NaturalGas,FALSE,6,40,0.08,40,10556,0,0,6,200,1,elec_Region6Liaoning,3.194444444,408333.3333,1,0.3,43.05555556,0,natgas_Region6Liaoning,1.72818,0.18054,WIP
ThermalPower,Region7Jilin_naturalgas_power,Region7Jilin,TRUE,TRUE,TRUE,TRUE,TRUE,TRUE,FALSE,TRUE,TRUE,Electricity,TRUE,TRUE,TRUE,TRUE,NaturalGas,FALSE,co2_sink_national_period1,TRUE,CO2,FALSE,TRUE,NaturalGas,FALSE,6,40,0.08,40,10556,0,0,6,200,1,elec_Region7Jilin,3.194444444,408333.3333,1,0.3,43.05555556,0,natgas_Region7Jilin,1.72818,0.18054,WIP
ThermalPower,Region8Heilongjiang_naturalgas_power,Region8Heilongjiang,TRUE,TRUE,TRUE,TRUE,TRUE,TRUE,FALSE,TRUE,TRUE,Electricity,TRUE,TRUE,TRUE,TRUE,NaturalGas,FALSE,co2_sink_national_period1,TRUE,CO2,FALSE,TRUE,NaturalGas,FALSE,6,40,0.08,40,10556,0,0,6,200,1,elec_Region8Heilongjiang,3.194444444,408333.3333,1,0.3,43.05555556,0,natgas_Region8Heilongjiang,1.72818,0.18054,WIP
ThermalPower,Region9Shanghai_naturalgas_power,Region9Shanghai,TRUE,TRUE,TRUE,TRUE,TRUE,TRUE,FALSE,TRUE,TRUE,Electricity,TRUE,TRUE,TRUE,TRUE,NaturalGas,FALSE,co2_sink_national_period1,TRUE,CO2,FALSE,TRUE,NaturalGas,FALSE,6,40,0.08,40,10556,3225.788,8064.47,6,200,1,elec_Region9Shanghai,3.194444444,408333.3333,1,0.3,43.05555556,0,natgas_Region9Shanghai,1.72818,0.18054,WIP
ThermalPower,Region10Jiangsu_naturalgas_power,Region10Jiangsu,TRUE,TRUE,TRUE,TRUE,TRUE,TRUE,FALSE,TRUE,TRUE,Electricity,TRUE,TRUE,TRUE,TRUE,NaturalGas,FALSE,co2_sink_national_period1,TRUE,CO2,FALSE,TRUE,NaturalGas,FALSE,6,40,0.08,40,10556,7108.104,17770.26,6,200,1,elec_Region10Jiangsu,3.194444444,408333.3333,1,0.3,43.05555556,0,natgas_Region10Jiangsu,1.72818,0.18054,WIP
ThermalPower,Region11Zhejiang_naturalgas_power,Region11Zhejiang,TRUE,TRUE,TRUE,TRUE,TRUE,TRUE,FALSE,TRUE,TRUE,Electricity,TRUE,TRUE,TRUE,TRUE,NaturalGas,FALSE,co2_sink_national_period1,TRUE,CO2,FALSE,TRUE,NaturalGas,FALSE,6,40,0.08,40,10556,5873.024,14682.56,6,200,1,elec_Region11Zhejiang,3.194444444,408333.3333,1,0.3,43.05555556,0,natgas_Region11Zhejiang,1.72818,0.18054,WIP
ThermalPower,Region12Anhui_naturalgas_power,Region12Anhui,TRUE,TRUE,TRUE,TRUE,TRUE,TRUE,FALSE,TRUE,TRUE,Electricity,TRUE,TRUE,TRUE,TRUE,NaturalGas,FALSE,co2_sink_national_period1,TRUE,CO2,FALSE,TRUE,NaturalGas,FALSE,6,40,0.08,40,10556,802.02,2005.05,6,200,1,elec_Region12Anhui,3.194444444,408333.3333,1,0.3,43.05555556,0,natgas_Region12Anhui,1.72818,0.18054,WIP
ThermalPower,Region13Fujian_naturalgas_power,Region13Fujian,TRUE,TRUE,TRUE,TRUE,TRUE,TRUE,FALSE,TRUE,TRUE,Electricity,TRUE,TRUE,TRUE,TRUE,NaturalGas,FALSE,co2_sink_national_period1,TRUE,CO2,FALSE,TRUE,NaturalGas,FALSE,6,40,0.08,40,10556,1609.7,4024.25,6,200,1,elec_Region13Fujian,3.194444444,408333.3333,1,0.3,43.05555556,0,natgas_Region13Fujian,1.72818,0.18054,WIP
ThermalPower,Region14Jiangxi_naturalgas_power,Region14Jiangxi,TRUE,TRUE,TRUE,TRUE,TRUE,TRUE,FALSE,TRUE,TRUE,Electricity,TRUE,TRUE,TRUE,TRUE,NaturalGas,FALSE,co2_sink_national_period1,TRUE,CO2,FALSE,TRUE,NaturalGas,FALSE,6,40,0.08,40,10556,73.82,184.55,6,200,1,elec_Region14Jiangxi,3.194444444,408333.3333,1,0.3,43.05555556,0,natgas_Region14Jiangxi,1.72818,0.18054,WIP
ThermalPower,Region15Shandong_naturalgas_power,Region15Shandong,TRUE,TRUE,TRUE,TRUE,TRUE,TRUE,FALSE,TRUE,TRUE,Electricity,TRUE,TRUE,TRUE,TRUE,NaturalGas,FALSE,co2_sink_national_period1,TRUE,CO2,FALSE,TRUE,NaturalGas,FALSE,6,40,0.08,40,10556,1673.524,4183.81,6,200,1,elec_Region15Shandong,3.194444444,408333.3333,1,0.3,43.05555556,0,natgas_Region15Shandong,1.72818,0.18054,WIP
ThermalPower,Region16Henan_naturalgas_power,Region16Henan,TRUE,TRUE,TRUE,TRUE,TRUE,TRUE,FALSE,TRUE,TRUE,Electricity,TRUE,TRUE,TRUE,TRUE,NaturalGas,FALSE,co2_sink_national_period1,TRUE,CO2,FALSE,TRUE,NaturalGas,FALSE,6,40,0.08,40,10556,1579.084,3947.71,6,200,1,elec_Region16Henan,3.194444444,408333.3333,1,0.3,43.05555556,0,natgas_Region16Henan,1.72818,0.18054,WIP
ThermalPower,Region17Hubei_naturalgas_power,Region17Hubei,TRUE,TRUE,TRUE,TRUE,TRUE,TRUE,FALSE,TRUE,TRUE,Electricity,TRUE,TRUE,TRUE,TRUE,NaturalGas,FALSE,co2_sink_national_period1,TRUE,CO2,FALSE,TRUE,NaturalGas,FALSE,6,40,0.08,40,10556,324.94,812.35,6,200,1,elec_Region17Hubei,3.194444444,408333.3333,1,0.3,43.05555556,0,natgas_Region17Hubei,1.72818,0.18054,WIP
ThermalPower,Region18Hunan_naturalgas_power,Region18Hunan,TRUE,TRUE,TRUE,TRUE,TRUE,TRUE,FALSE,TRUE,TRUE,Electricity,TRUE,TRUE,TRUE,TRUE,NaturalGas,FALSE,co2_sink_national_period1,TRUE,CO2,FALSE,TRUE,NaturalGas,FALSE,6,40,0.08,40,10556,0,0,6,200,1,elec_Region18Hunan,3.194444444,408333.3333,1,0.3,43.05555556,0,natgas_Region18Hunan,1.72818,0.18054,WIP
ThermalPower,Region19Guangdong_naturalgas_power,Region19Guangdong,TRUE,TRUE,TRUE,TRUE,TRUE,TRUE,FALSE,TRUE,TRUE,Electricity,TRUE,TRUE,TRUE,TRUE,NaturalGas,FALSE,co2_sink_national_period1,TRUE,CO2,FALSE,TRUE,NaturalGas,FALSE,6,40,0.08,40,10556,9808.1,24520.25,6,200,1,elec_Region19Guangdong,3.194444444,408333.3333,1,0.3,43.05555556,0,natgas_Region19Guangdong,1.72818,0.18054,WIP
ThermalPower,Region20Guangxi_naturalgas_power,Region20Guangxi,TRUE,TRUE,TRUE,TRUE,TRUE,TRUE,FALSE,TRUE,TRUE,Electricity,TRUE,TRUE,TRUE,TRUE,NaturalGas,FALSE,co2_sink_national_period1,TRUE,CO2,FALSE,TRUE,NaturalGas,FALSE,6,40,0.08,40,10556,57.348,143.37,6,200,1,elec_Region20Guangxi,3.194444444,408333.3333,1,0.3,43.05555556,0,natgas_Region20Guangxi,1.72818,0.18054,WIP
ThermalPower,Region21Hainan_naturalgas_power,Region21Hainan,TRUE,TRUE,TRUE,TRUE,TRUE,TRUE,FALSE,TRUE,TRUE,Electricity,TRUE,TRUE,TRUE,TRUE,NaturalGas,FALSE,co2_sink_national_period1,TRUE,CO2,FALSE,TRUE,NaturalGas,FALSE,6,40,0.08,40,10556,406.496,1016.24,6,200,1,elec_Region21Hainan,3.194444444,408333.3333,1,0.3,43.05555556,0,natgas_Region21Hainan,1.72818,0.18054,WIP
ThermalPower,Region22Chongqing_naturalgas_power,Region22Chongqing,TRUE,TRUE,TRUE,TRUE,TRUE,TRUE,FALSE,TRUE,TRUE,Electricity,TRUE,TRUE,TRUE,TRUE,NaturalGas,FALSE,co2_sink_national_period1,TRUE,CO2,FALSE,TRUE,NaturalGas,FALSE,6,40,0.08,40,10556,347.552,868.88,6,200,1,elec_Region22Chongqing,3.194444444,408333.3333,1,0.3,43.05555556,0,natgas_Region22Chongqing,1.72818,0.18054,WIP
ThermalPower,Region23Sichuan_naturalgas_power,Region23Sichuan,TRUE,TRUE,TRUE,TRUE,TRUE,TRUE,FALSE,TRUE,TRUE,Electricity,TRUE,TRUE,TRUE,TRUE,NaturalGas,FALSE,co2_sink_national_period1,TRUE,CO2,FALSE,TRUE,NaturalGas,FALSE,6,40,0.08,40,10556,477.272,1193.18,6,200,1,elec_Region23Sichuan,3.194444444,408333.3333,1,0.3,43.05555556,0,natgas_Region23Sichuan,1.72818,0.18054,WIP
ThermalPower,Region24Guizhou_naturalgas_power,Region24Guizhou,TRUE,TRUE,TRUE,TRUE,TRUE,TRUE,FALSE,TRUE,TRUE,Electricity,TRUE,TRUE,TRUE,TRUE,NaturalGas,FALSE,co2_sink_national_period1,TRUE,CO2,FALSE,TRUE,NaturalGas,FALSE,6,40,0.08,40,10556,0,0,6,200,1,elec_Region24Guizhou,3.194444444,408333.3333,1,0.3,43.05555556,0,natgas_Region24Guizhou,1.72818,0.18054,WIP
ThermalPower,Region25Yunnan_naturalgas_power,Region25Yunnan,TRUE,TRUE,TRUE,TRUE,TRUE,TRUE,FALSE,TRUE,TRUE,Electricity,TRUE,TRUE,TRUE,TRUE,NaturalGas,FALSE,co2_sink_national_period1,TRUE,CO2,FALSE,TRUE,NaturalGas,FALSE,6,40,0.08,40,10556,0,0,6,200,1,elec_Region25Yunnan,3.194444444,408333.3333,1,0.3,43.05555556,0,natgas_Region25Yunnan,1.72818,0.18054,WIP
ThermalPower,Region26Tibet_naturalgas_power,Region26Tibet,TRUE,TRUE,TRUE,TRUE,TRUE,TRUE,FALSE,TRUE,TRUE,Electricity,TRUE,TRUE,TRUE,TRUE,NaturalGas,FALSE,co2_sink_national_period1,TRUE,CO2,FALSE,TRUE,NaturalGas,FALSE,6,40,0.08,40,10556,0,0,6,200,1,elec_Region26Tibet,3.194444444,408333.3333,1,0.3,43.05555556,0,natgas_Region26Tibet,1.72818,0.18054,WIP
ThermalPower,Region27Shaanxi_naturalgas_power,Region27Shaanxi,TRUE,TRUE,TRUE,TRUE,TRUE,TRUE,FALSE,TRUE,TRUE,Electricity,TRUE,TRUE,TRUE,TRUE,NaturalGas,FALSE,co2_sink_national_period1,TRUE,CO2,FALSE,TRUE,NaturalGas,FALSE,6,40,0.08,40,10556,0,0,6,200,1,elec_Region27Shaanxi,3.194444444,408333.3333,1,0.3,43.05555556,0,natgas_Region27Shaanxi,1.72818,0.18054,WIP
ThermalPower,Region28Gansu_naturalgas_power,Region28Gansu,TRUE,TRUE,TRUE,TRUE,TRUE,TRUE,FALSE,TRUE,TRUE,Electricity,TRUE,TRUE,TRUE,TRUE,NaturalGas,FALSE,co2_sink_national_period1,TRUE,CO2,FALSE,TRUE,NaturalGas,FALSE,6,40,0.08,40,10556,0,0,6,200,1,elec_Region28Gansu,3.194444444,408333.3333,1,0.3,43.05555556,0,natgas_Region28Gansu,1.72818,0.18054,WIP
ThermalPower,Region29Qinghai_naturalgas_power,Region29Qinghai,TRUE,TRUE,TRUE,TRUE,TRUE,TRUE,FALSE,TRUE,TRUE,Electricity,TRUE,TRUE,TRUE,TRUE,NaturalGas,FALSE,co2_sink_national_period1,TRUE,CO2,FALSE,TRUE,NaturalGas,FALSE,6,40,0.08,40,10556,0,0,6,200,1,elec_Region29Qinghai,3.194444444,408333.3333,1,0.3,43.05555556,0,natgas_Region29Qinghai,1.72818,0.18054,WIP
ThermalPower,Region30Ningxia_naturalgas_power,Region30Ningxia,TRUE,TRUE,TRUE,TRUE,TRUE,TRUE,FALSE,TRUE,TRUE,Electricity,TRUE,TRUE,TRUE,TRUE,NaturalGas,FALSE,co2_sink_national_period1,TRUE,CO2,FALSE,TRUE,NaturalGas,FALSE,6,40,0.08,40,10556,474.236,1185.59,6,200,1,elec_Region30Ningxia,3.194444444,408333.3333,1,0.3,43.05555556,0,natgas_Region30Ningxia,1.72818,0.18054,WIP
ThermalPower,Region31Xinjiang_naturalgas_power,Region31Xinjiang,TRUE,TRUE,TRUE,TRUE,TRUE,TRUE,FALSE,TRUE,TRUE,Electricity,TRUE,TRUE,TRUE,TRUE,NaturalGas,FALSE,co2_sink_national_period1,TRUE,CO2,FALSE,TRUE,NaturalGas,FALSE,6,40,0.08,40,10556,737.06,1842.65,6,200,1,elec_Region31Xinjiang,3.194444444,408333.3333,1,0.3,43.05555556,0,natgas_Region31Xinjiang,1.72818,0.181,WIP
