Type,id,edges--transmission_edge--unidirectional,edges--transmission_edge--has_capacity,edges--transmission_edge--commodity,edges--transmission_edge--wacc,edges--transmission_edge--lifetime,edges--transmission_edge--capital_recovery_period,edges--transmission_edge--can_retire,edges--transmission_edge--constraints--CapacityConstraint,edges--transmission_edge--constraints--MaxCapacityConstraint,edges--transmission_edge--start_vertex,edges--transmission_edge--loss_fraction,edges--transmission_edge--end_vertex,edges--transmission_edge--max_capacity,edges--transmission_edge--can_expand,edges--transmission_edge--existing_capacity,edges--transmission_edge--investment_cost,edges--transmission_edge--variable_om_cost,edges--transmission_edge--fixed_om_cost
TransmissionLink,Line1ExistingAC_Region4Shanxi_to_Region16Henan,FALSE,TRUE,Electricity,0.062,100,100,FALSE,TRUE,TRUE,elec_Region4Shanxi,0.015,elec_Region16Henan,5000,FALSE,5000,9818.906776,1,100
TransmissionLink,Line2ExistingAC_Region16Henan_to_Region17Hubei,FALSE,TRUE,Electricity,0.062,100,100,FALSE,TRUE,TRUE,elec_Region16Henan,0.015,elec_Region17Hubei,5000,FALSE,5000,8758.914335,1,100
TransmissionLink,Line3ExistingAC_Region12Anhui_to_Region11Zhejiang,FALSE,TRUE,Electricity,0.062,100,100,FALSE,TRUE,TRUE,elec_Region12Anhui,0.02,elec_Region11Zhejiang,10000,FALSE,10000,11824.84184,1,100
TransmissionLink,Line4ExistingAC_Region11Zhejiang_to_Region9Shanghai,FALSE,TRUE,Electricity,0.062,100,100,FALSE,TRUE,TRUE,elec_Region11Zhejiang,0.02,elec_Region9Shanghai,10000,FALSE,10000,6806.649775,1,100
TransmissionLink,Line5ExistingAC_Region12Anhui_to_Region10Jiangsu,FALSE,TRUE,Electricity,0.062,100,100,FALSE,TRUE,TRUE,elec_Region12Anhui,0.02,elec_Region10Jiangsu,11000,FALSE,11000,10156.78699,1,100
TransmissionLink,Line6ExistingAC_Region10Jiangsu_to_Region9Shanghai,FALSE,TRUE,Electricity,0.062,100,100,FALSE,TRUE,TRUE,elec_Region10Jiangsu,0.02,elec_Region9Shanghai,11000,FALSE,11000,9267.564333,1,100
TransmissionLink,Line7ExistingAC_Region11Zhejiang_to_Region13Fujian,FALSE,TRUE,Electricity,0.062,100,100,FALSE,TRUE,TRUE,elec_Region11Zhejiang,0.02,elec_Region13Fujian,10500,FALSE,10500,12667.27706,1,100
TransmissionLink,Line8ExistingAC_Region5Innermongolia_to_Region3Hebei,FALSE,TRUE,Electricity,0.062,100,100,FALSE,TRUE,TRUE,elec_Region5Innermongolia,0.02,elec_Region3Hebei,10000,FALSE,10000,11952.30928,1,100
TransmissionLink,Line9ExistingAC_Region3Hebei_to_Region2Tianjin,FALSE,TRUE,Electricity,0.062,100,100,FALSE,TRUE,TRUE,elec_Region3Hebei,0.02,elec_Region2Tianjin,10000,FALSE,10000,7215.887363,1,100
TransmissionLink,Line10ExistingAC_Region2Tianjin_to_Region15Shandong,FALSE,TRUE,Electricity,0.062,100,100,FALSE,TRUE,TRUE,elec_Region2Tianjin,0.02,elec_Region15Shandong,10000,FALSE,10000,8691.826206,1,100
TransmissionLink,Line11ExistingAC_Region5Innermongolia_to_Region4Shanxi,FALSE,TRUE,Electricity,0.062,100,100,FALSE,TRUE,TRUE,elec_Region5Innermongolia,0.02,elec_Region4Shanxi,10000,FALSE,10000,7430.569377,1,100
TransmissionLink,Line12ExistingAC_Region4Shanxi_to_Region3Hebei,FALSE,TRUE,Electricity,0.062,100,100,FALSE,TRUE,TRUE,elec_Region4Shanxi,0.02,elec_Region3Hebei,10000,FALSE,10000,8329.550308,1,100
TransmissionLink,Line13ExistingAC_Region3Hebei_to_Region2Tianjin,FALSE,TRUE,Electricity,0.062,100,100,FALSE,TRUE,TRUE,elec_Region3Hebei,0.02,elec_Region2Tianjin,10000,FALSE,10000,7269.557867,1,100
TransmissionLink,Line14ExistingAC_Region27Shaanxi_to_Region4Shanxi,FALSE,TRUE,Electricity,0.062,100,100,FALSE,TRUE,TRUE,elec_Region27Shaanxi,0.02,elec_Region4Shanxi,10000,FALSE,10000,8651.573328,1,100
TransmissionLink,Line15ExistingAC_Region4Shanxi_to_Region3Hebei,FALSE,TRUE,Electricity,0.062,100,100,FALSE,TRUE,TRUE,elec_Region4Shanxi,0.02,elec_Region3Hebei,10000,FALSE,10000,8423.473689,1,100
TransmissionLink,Line16ExistingAC_Region3Hebei_to_Region15Shandong,FALSE,TRUE,Electricity,0.062,100,100,FALSE,TRUE,TRUE,elec_Region3Hebei,0.02,elec_Region15Shandong,10000,FALSE,10000,11887.90468,1,100
TransmissionLink,Line17ExistingAC_Region3Hebei_to_Region1Beijing,FALSE,TRUE,Electricity,0.062,100,100,FALSE,TRUE,TRUE,elec_Region3Hebei,0.02,elec_Region1Beijing,10000,FALSE,10000,8020.944914,1,100
TransmissionLink,Line18ExistingAC_Region3Hebei_to_Region1Beijing,FALSE,TRUE,Electricity,0.062,100,100,FALSE,TRUE,TRUE,elec_Region3Hebei,0.02,elec_Region1Beijing,10000,FALSE,10000,9188.278362,1,100
TransmissionLink,Line19ExistingAC_Region15Shandong_to_Region3Hebei,FALSE,TRUE,Electricity,0.062,100,100,FALSE,TRUE,TRUE,elec_Region15Shandong,0.02,elec_Region3Hebei,10000,FALSE,10000,16012.48286,1,100
TransmissionLink,Line20ExistingAC_Region5Innermongolia_to_Region4Shanxi,FALSE,TRUE,Electricity,0.062,100,100,FALSE,TRUE,TRUE,elec_Region5Innermongolia,0.02,elec_Region4Shanxi,10000,FALSE,10000,9094.354981,1,100
TransmissionLink,Line21ExistingAC_Region24Guizhou_to_Region20Guangxi,FALSE,TRUE,Electricity,0.062,100,100,FALSE,TRUE,TRUE,elec_Region24Guizhou,0.02,elec_Region20Guangxi,4800,FALSE,4800,18466.7064,1,100
TransmissionLink,Line22ExistingAC_Region20Guangxi_to_Region19Guangdong,FALSE,TRUE,Electricity,0.062,100,100,FALSE,TRUE,TRUE,elec_Region20Guangxi,0.02,elec_Region19Guangdong,4800,FALSE,4800,18466.7064,1,100
TransmissionLink,Line23ExistingAC_Region24Guizhou_to_Region20Guangxi,FALSE,TRUE,Electricity,0.062,100,100,FALSE,TRUE,TRUE,elec_Region24Guizhou,0.02,elec_Region20Guangxi,2400,FALSE,2400,22116.17639,1,100
TransmissionLink,Line24ExistingAC_Region25Yunnan_to_Region20Guangxi,FALSE,TRUE,Electricity,0.062,100,100,FALSE,TRUE,TRUE,elec_Region25Yunnan,0.02,elec_Region20Guangxi,2400,FALSE,2400,8248.190422,1,100
TransmissionLink,Line25ExistingAC_Region19Guangdong_to_Region21Hainan,FALSE,TRUE,Electricity,0.062,100,100,FALSE,TRUE,TRUE,elec_Region19Guangdong,0.02,elec_Region21Hainan,1200,FALSE,1200,10554.65546,1,100
TransmissionLink,Line26ExistingAC_Region5Innermongolia_to_Region3Hebei,FALSE,TRUE,Electricity,0.062,100,100,FALSE,TRUE,TRUE,elec_Region5Innermongolia,0.02,elec_Region3Hebei,4000,FALSE,4000,12029.04133,1,100
TransmissionLink,Line27ExistingAC_Region3Hebei_to_Region16Henan,FALSE,TRUE,Electricity,0.062,100,100,FALSE,TRUE,TRUE,elec_Region3Hebei,0.02,elec_Region16Henan,1000,FALSE,1000,3554.972013,1,100
TransmissionLink,Line28ExistingAC_Region4Shanxi_to_Region10Jiangsu,FALSE,TRUE,Electricity,0.062,100,100,FALSE,TRUE,TRUE,elec_Region4Shanxi,0.03,elec_Region10Jiangsu,2000,FALSE,2000,13167.67597,1,100
TransmissionLink,Line29ExistingAC_Region27Shaanxi_to_Region3Hebei,FALSE,TRUE,Electricity,0.062,100,100,FALSE,TRUE,TRUE,elec_Region27Shaanxi,0.025,elec_Region3Hebei,2000,FALSE,2000,11656.79539,1,100
TransmissionLink,Line30ExistingAC_Region27Shaanxi_to_Region3Hebei,FALSE,TRUE,Electricity,0.062,100,100,FALSE,TRUE,TRUE,elec_Region27Shaanxi,0.025,elec_Region3Hebei,2000,FALSE,2000,11656.79539,1,100
TransmissionLink,Line31ExistingAC_Region24Guizhou_to_Region18Hunan,FALSE,TRUE,Electricity,0.062,100,100,FALSE,TRUE,TRUE,elec_Region24Guizhou,0.02,elec_Region18Hunan,1500,FALSE,1500,7660.392808,1,100
TransmissionLink,Line32ExistingAC_Region24Guizhou_to_Region18Hunan,FALSE,TRUE,Electricity,0.062,100,100,FALSE,TRUE,TRUE,elec_Region24Guizhou,0.02,elec_Region18Hunan,1000,FALSE,1000,7660.392808,1,100
TransmissionLink,Line33ExistingAC_Region23Sichuan_to_Region26Tibet,FALSE,TRUE,Electricity,0.062,100,100,FALSE,TRUE,TRUE,elec_Region23Sichuan,0.02,elec_Region26Tibet,600,FALSE,600,38867.24365,1,100
TransmissionLink,Line34ExistingAC_Region27Shaanxi_to_Region28Gansu,FALSE,TRUE,Electricity,0.062,100,100,FALSE,TRUE,TRUE,elec_Region27Shaanxi,0.0083,elec_Region28Gansu,5000,FALSE,5000,10317.12931,1,100
TransmissionLink,Line35ExistingAC_Region27Shaanxi_to_Region28Gansu,FALSE,TRUE,Electricity,0.062,100,100,FALSE,TRUE,TRUE,elec_Region27Shaanxi,0.0083,elec_Region28Gansu,5000,FALSE,5000,7985.816824,1,100
TransmissionLink,Line36ExistingAC_Region28Gansu_to_Region30Ningxia,FALSE,TRUE,Electricity,0.062,100,100,FALSE,TRUE,TRUE,elec_Region28Gansu,0.0083,elec_Region30Ningxia,5000,FALSE,5000,8672.258835,1,100
TransmissionLink,Line37ExistingAC_Region28Gansu_to_Region30Ningxia,FALSE,TRUE,Electricity,0.062,100,100,FALSE,TRUE,TRUE,elec_Region28Gansu,0.0083,elec_Region30Ningxia,5000,FALSE,5000,5938.147354,1,100
TransmissionLink,Line38ExistingAC_Region28Gansu_to_Region29Qinghai,FALSE,TRUE,Electricity,0.062,100,100,FALSE,TRUE,TRUE,elec_Region28Gansu,0.0083,elec_Region29Qinghai,5000,FALSE,5000,8555.69321,1,100
TransmissionLink,Line39ExistingAC_Region28Gansu_to_Region29Qinghai,FALSE,TRUE,Electricity,0.062,100,100,FALSE,TRUE,TRUE,elec_Region28Gansu,0.0083,elec_Region29Qinghai,5000,FALSE,5000,8307.019878,1,100
TransmissionLink,Line40ExistingAC_Region28Gansu_to_Region29Qinghai,FALSE,TRUE,Electricity,0.062,100,100,FALSE,TRUE,TRUE,elec_Region28Gansu,0.0083,elec_Region29Qinghai,5000,FALSE,5000,10305.73179,1,100
TransmissionLink,Line41ExistingAC_Region28Gansu_to_Region31Xinjiang,FALSE,TRUE,Electricity,0.062,100,100,FALSE,TRUE,TRUE,elec_Region28Gansu,0.0083,elec_Region31Xinjiang,5000,FALSE,5000,11547.54424,1,100
TransmissionLink,Line42ExistingAC_Region28Gansu_to_Region31Xinjiang,FALSE,TRUE,Electricity,0.062,100,100,FALSE,TRUE,TRUE,elec_Region28Gansu,0.0083,elec_Region31Xinjiang,5000,FALSE,5000,12487.84028,1,100
TransmissionLink,Line43ExistingAC_Region5Innermongolia_to_Region8Heilongjiang,FALSE,TRUE,Electricity,0.062,100,100,FALSE,TRUE,TRUE,elec_Region5Innermongolia,0.0192,elec_Region8Heilongjiang,2400,FALSE,2400,6166.167792,1,100
TransmissionLink,Line44ExistingAC_Region5Innermongolia_to_Region7Jilin,FALSE,TRUE,Electricity,0.062,100,100,FALSE,TRUE,TRUE,elec_Region5Innermongolia,0.0192,elec_Region7Jilin,3600,FALSE,3600,6166.167792,1,100
TransmissionLink,Line45ExistingAC_Region5Innermongolia_to_Region6Liaoning,FALSE,TRUE,Electricity,0.062,100,100,FALSE,TRUE,TRUE,elec_Region5Innermongolia,0.0192,elec_Region6Liaoning,7200,FALSE,7200,6166.167792,1,100
TransmissionLink,Line46ExistingAC_Region8Heilongjiang_to_Region7Jilin,FALSE,TRUE,Electricity,0.062,100,100,FALSE,TRUE,TRUE,elec_Region8Heilongjiang,0.0192,elec_Region7Jilin,4800,FALSE,4800,6166.167792,1,100
TransmissionLink,Line47ExistingAC_Region7Jilin_to_Region6Liaoning,FALSE,TRUE,Electricity,0.062,100,100,FALSE,TRUE,TRUE,elec_Region7Jilin,0.0192,elec_Region6Liaoning,4800,FALSE,4800,6166.167792,1,100
TransmissionLink,Line48ExistingAC_Region12Anhui_to_Region10Jiangsu,FALSE,TRUE,Electricity,0.062,100,100,FALSE,TRUE,TRUE,elec_Region12Anhui,0.0083,elec_Region10Jiangsu,3600,FALSE,3600,3461.910528,1,100
TransmissionLink,Line49ExistingAC_Region12Anhui_to_Region11Zhejiang,FALSE,TRUE,Electricity,0.062,100,100,FALSE,TRUE,TRUE,elec_Region12Anhui,0.0083,elec_Region11Zhejiang,4800,FALSE,4800,3461.910528,1,100
TransmissionLink,Line50ExistingAC_Region10Jiangsu_to_Region11Zhejiang,FALSE,TRUE,Electricity,0.062,100,100,FALSE,TRUE,TRUE,elec_Region10Jiangsu,0.0083,elec_Region11Zhejiang,3600,FALSE,3600,3461.910528,1,100
TransmissionLink,Line51ExistingAC_Region11Zhejiang_to_Region13Fujian,FALSE,TRUE,Electricity,0.062,100,100,FALSE,TRUE,TRUE,elec_Region11Zhejiang,0.0083,elec_Region13Fujian,3600,FALSE,3600,3461.910528,1,100
TransmissionLink,Line52ExistingAC_Region11Zhejiang_to_Region9Shanghai,FALSE,TRUE,Electricity,0.062,100,100,FALSE,TRUE,TRUE,elec_Region11Zhejiang,0.0083,elec_Region9Shanghai,3600,FALSE,3600,3461.910528,1,100
TransmissionLink,Line53ExistingAC_Region10Jiangsu_to_Region9Shanghai,FALSE,TRUE,Electricity,0.062,100,100,FALSE,TRUE,TRUE,elec_Region10Jiangsu,0.0083,elec_Region9Shanghai,3600,FALSE,3600,3461.910528,1,100
TransmissionLink,Line54ExistingAC_Region16Henan_to_Region17Hubei,FALSE,TRUE,Electricity,0.062,100,100,FALSE,TRUE,TRUE,elec_Region16Henan,0.008,elec_Region17Hubei,4800,FALSE,4800,5093.223614,1,100
TransmissionLink,Line55ExistingAC_Region17Hubei_to_Region18Hunan,FALSE,TRUE,Electricity,0.062,100,100,FALSE,TRUE,TRUE,elec_Region17Hubei,0.008,elec_Region18Hunan,3600,FALSE,3600,5093.223614,1,100
TransmissionLink,Line56ExistingAC_Region17Hubei_to_Region14Jiangxi,FALSE,TRUE,Electricity,0.062,100,100,FALSE,TRUE,TRUE,elec_Region17Hubei,0.008,elec_Region14Jiangxi,3600,FALSE,3600,5093.223614,1,100
TransmissionLink,Line57ExistingAC_Region17Hubei_to_Region22Chongqing,FALSE,TRUE,Electricity,0.062,100,100,FALSE,TRUE,TRUE,elec_Region17Hubei,0.008,elec_Region22Chongqing,4800,FALSE,4800,5093.223614,1,100
TransmissionLink,Line58ExistingAC_Region23Sichuan_to_Region22Chongqing,FALSE,TRUE,Electricity,0.062,100,100,FALSE,TRUE,TRUE,elec_Region23Sichuan,0.008,elec_Region22Chongqing,4800,FALSE,4800,5093.223614,1,100
TransmissionLink,Line59ExistingAC_Region5Innermongolia_to_Region3Hebei,FALSE,TRUE,Electricity,0.062,100,100,FALSE,TRUE,TRUE,elec_Region5Innermongolia,0.0134,elec_Region3Hebei,4800,FALSE,4800,6124.198887,1,100
TransmissionLink,Line60ExistingAC_Region4Shanxi_to_Region3Hebei,FALSE,TRUE,Electricity,0.062,100,100,FALSE,TRUE,TRUE,elec_Region4Shanxi,0.0134,elec_Region3Hebei,10800,FALSE,10800,6124.198887,1,100
TransmissionLink,Line61ExistingAC_Region3Hebei_to_Region1Beijing,FALSE,TRUE,Electricity,0.062,100,100,FALSE,TRUE,TRUE,elec_Region3Hebei,0.0134,elec_Region1Beijing,7200,FALSE,7200,6124.198887,1,100
TransmissionLink,Line62ExistingAC_Region3Hebei_to_Region2Tianjin,FALSE,TRUE,Electricity,0.062,100,100,FALSE,TRUE,TRUE,elec_Region3Hebei,0.0134,elec_Region2Tianjin,4800,FALSE,4800,6124.198887,1,100
TransmissionLink,Line63ExistingAC_Region1Beijing_to_Region2Tianjin,FALSE,TRUE,Electricity,0.062,100,100,FALSE,TRUE,TRUE,elec_Region1Beijing,0.0134,elec_Region2Tianjin,2400,FALSE,2400,3503.879433,1,100
TransmissionLink,Line64ExistingAC_Region3Hebei_to_Region15Shandong,FALSE,TRUE,Electricity,0.062,100,100,FALSE,TRUE,TRUE,elec_Region3Hebei,0.0134,elec_Region15Shandong,4800,FALSE,4800,6124.198887,1,100
TransmissionLink,Line65ExistingAC_Region25Yunnan_to_Region20Guangxi,FALSE,TRUE,Electricity,0.062,100,100,FALSE,TRUE,TRUE,elec_Region25Yunnan,0.027,elec_Region20Guangxi,2400,FALSE,2400,5492.840578,1,100
TransmissionLink,Line66ExistingAC_Region20Guangxi_to_Region19Guangdong,FALSE,TRUE,Electricity,0.062,100,100,FALSE,TRUE,TRUE,elec_Region20Guangxi,0.027,elec_Region19Guangdong,4800,FALSE,4800,5492.840578,1,100
TransmissionLink,Line67ExistingAC_Region5Innermongolia_to_Region3Hebei,FALSE,TRUE,Electricity,0.062,100,100,FALSE,TRUE,TRUE,elec_Region5Innermongolia,0.02,elec_Region3Hebei,6120,FALSE,6120,6910.051425,1,100
TransmissionLink,Line68ExistingAC_Region5Innermongolia_to_Region3Hebei,FALSE,TRUE,Electricity,0.062,100,100,FALSE,TRUE,TRUE,elec_Region5Innermongolia,0.02,elec_Region3Hebei,2520,FALSE,2520,6631.996568,1,100
TransmissionLink,Line69ExistingAC_Region6Liaoning_to_Region3Hebei,FALSE,TRUE,Electricity,0.062,100,100,FALSE,TRUE,TRUE,elec_Region6Liaoning,0.01,elec_Region3Hebei,2000,FALSE,2000,3270.313354,1,100
TransmissionLink,Line70ExistingAC_Region5Innermongolia_to_Region3Hebei,FALSE,TRUE,Electricity,0.062,100,100,FALSE,TRUE,TRUE,elec_Region5Innermongolia,0.02,elec_Region3Hebei,2520,FALSE,2520,3955.718575,1,100
TransmissionLink,Line71ExistingAC_Region24Guizhou_to_Region22Chongqing,FALSE,TRUE,Electricity,0.062,100,100,FALSE,TRUE,TRUE,elec_Region24Guizhou,0.02,elec_Region22Chongqing,2640,FALSE,2640,3802.472432,1,100
TransmissionLink,Line72CandidateAC_Region17Hubei_to_Region16Henan,FALSE,TRUE,Electricity,0.062,100,100,FALSE,TRUE,TRUE,elec_Region17Hubei,0.015,elec_Region16Henan,20000,TRUE,0,12532.80796,1,100
TransmissionLink,Line73CandidateAC_Region17Hubei_to_Region14Jiangxi,FALSE,TRUE,Electricity,0.062,100,100,FALSE,TRUE,TRUE,elec_Region17Hubei,0.015,elec_Region14Jiangxi,20000,TRUE,0,11369.4998,1,100
TransmissionLink,Line74CandidateAC_Region14Jiangxi_to_Region18Hunan,FALSE,TRUE,Electricity,0.062,100,100,FALSE,TRUE,TRUE,elec_Region14Jiangxi,0.015,elec_Region18Hunan,20000,TRUE,0,11275.57642,1,100
TransmissionLink,Line75CandidateAC_Region16Henan_to_Region17Hubei,FALSE,TRUE,Electricity,0.062,100,100,FALSE,TRUE,TRUE,elec_Region16Henan,0.015,elec_Region17Hubei,20000,TRUE,0,10716.06142,1,100
TransmissionLink,Line76CandidateAC_Region15Shandong_to_Region16Henan,FALSE,TRUE,Electricity,0.062,100,100,FALSE,TRUE,TRUE,elec_Region15Shandong,0.015,elec_Region16Henan,20000,TRUE,0,11290.33581,1,100
TransmissionLink,Line77CandidateAC_Region27Shaanxi_to_Region4Shanxi,FALSE,TRUE,Electricity,0.062,100,100,FALSE,TRUE,TRUE,elec_Region27Shaanxi,0.015,elec_Region4Shanxi,20000,TRUE,0,14903.70244,1,100
TransmissionLink,Line78CandidateAC_Region4Shanxi_to_Region10Jiangsu,FALSE,TRUE,Electricity,0.062,100,100,FALSE,TRUE,TRUE,elec_Region4Shanxi,0.015,elec_Region10Jiangsu,20000,TRUE,0,16790.22064,1,100
TransmissionLink,Line79CandidateAC_Region13Fujian_to_Region19Guangdong,FALSE,TRUE,Electricity,0.062,100,100,FALSE,TRUE,TRUE,elec_Region13Fujian,0.025,elec_Region19Guangdong,4800,TRUE,0,7316.488494,1,100
TransmissionLink,Line80CandidateAC_Region14Jiangxi_to_Region13Fujian,FALSE,TRUE,Electricity,0.062,100,100,FALSE,TRUE,TRUE,elec_Region14Jiangxi,0.015,elec_Region13Fujian,20000,TRUE,0,9592.612472,1,100
TransmissionLink,Line81CandidateAC_Region17Hubei_to_Region12Anhui,FALSE,TRUE,Electricity,0.062,100,100,FALSE,TRUE,TRUE,elec_Region17Hubei,0.015,elec_Region12Anhui,20000,TRUE,0,8752.644064,1,100
TransmissionLink,Line82CandidateAC_Region14Jiangxi_to_Region11Zhejiang,FALSE,TRUE,Electricity,0.062,100,100,FALSE,TRUE,TRUE,elec_Region14Jiangxi,0.015,elec_Region11Zhejiang,20000,TRUE,0,9646.570673,1,100
TransmissionLink,Line83CandidateAC_Region23Sichuan_to_Region22Chongqing,FALSE,TRUE,Electricity,0.062,100,100,FALSE,TRUE,TRUE,elec_Region23Sichuan,0.015,elec_Region22Chongqing,20000,TRUE,0,8407.034675,1,100
TransmissionLink,Line84CandidateAC_Region27Shaanxi_to_Region22Chongqing,FALSE,TRUE,Electricity,0.062,100,100,FALSE,TRUE,TRUE,elec_Region27Shaanxi,0.015,elec_Region22Chongqing,20000,TRUE,0,10425.33043,1,100
TransmissionLink,Line85CandidateAC_Region28Gansu_to_Region23Sichuan,FALSE,TRUE,Electricity,0.062,100,100,FALSE,TRUE,TRUE,elec_Region28Gansu,0.015,elec_Region23Sichuan,20000,TRUE,0,10619.3977,1,100
TransmissionLink,Line86CandidateAC_Region28Gansu_to_Region27Shaanxi,FALSE,TRUE,Electricity,0.062,100,100,FALSE,TRUE,TRUE,elec_Region28Gansu,0.015,elec_Region27Shaanxi,20000,TRUE,0,10059.04815,1,100
TransmissionLink,Line87CandidateAC_Region15Shandong_to_Region10Jiangsu,FALSE,TRUE,Electricity,0.062,100,100,FALSE,TRUE,TRUE,elec_Region15Shandong,0.015,elec_Region10Jiangsu,20000,TRUE,0,10224.94261,1,100
TransmissionLink,Line88CandidateAC_Region31Xinjiang_to_Region29Qinghai,FALSE,TRUE,Electricity,0.062,100,100,FALSE,TRUE,TRUE,elec_Region31Xinjiang,0.02,elec_Region29Qinghai,20000,TRUE,0,16145.99546,1,100
TransmissionLink,Line89CandidateAC_Region31Xinjiang_to_Region28Gansu,FALSE,TRUE,Electricity,0.062,100,100,FALSE,TRUE,TRUE,elec_Region31Xinjiang,0.02,elec_Region28Gansu,20000,TRUE,0,17293.35447,1,100
TransmissionLink,Line90CandidateAC_Region29Qinghai_to_Region28Gansu,FALSE,TRUE,Electricity,0.062,100,100,FALSE,TRUE,TRUE,elec_Region29Qinghai,0.02,elec_Region28Gansu,20000,TRUE,0,8064.916151,1,100
TransmissionLink,Line91CandidateAC_Region28Gansu_to_Region30Ningxia,FALSE,TRUE,Electricity,0.062,100,100,FALSE,TRUE,TRUE,elec_Region28Gansu,0.02,elec_Region30Ningxia,20000,TRUE,0,9130.181207,1,100
TransmissionLink,Line92CandidateAC_Region4Shanxi_to_Region28Gansu,FALSE,TRUE,Electricity,0.062,100,100,FALSE,TRUE,TRUE,elec_Region4Shanxi,0.02,elec_Region28Gansu,20000,TRUE,0,12080.80157,1,100
TransmissionLink,Line93CandidateAC_Region26Tibet_to_Region23Sichuan,FALSE,TRUE,Electricity,0.062,100,100,FALSE,TRUE,TRUE,elec_Region26Tibet,0.015,elec_Region23Sichuan,10000,TRUE,0,13312.57526,1,100
TransmissionLink,Line94CandidateAC_Region23Sichuan_to_Region22Chongqing,FALSE,TRUE,Electricity,0.062,100,100,FALSE,TRUE,TRUE,elec_Region23Sichuan,0.025,elec_Region22Chongqing,9600,TRUE,0,5161.675927,1,100
TransmissionLink,Line95CandidateAC_Region22Chongqing_to_Region17Hubei,FALSE,TRUE,Electricity,0.062,100,100,FALSE,TRUE,TRUE,elec_Region22Chongqing,0.025,elec_Region17Hubei,9600,TRUE,0,9611.780435,1,100
TransmissionLink,Line96CandidateAC_Region17Hubei_to_Region18Hunan,FALSE,TRUE,Electricity,0.062,100,100,FALSE,TRUE,TRUE,elec_Region17Hubei,0.025,elec_Region18Hunan,9600,TRUE,0,5339.495809,1,100
TransmissionLink,Line97CandidateAC_Region17Hubei_to_Region16Henan,FALSE,TRUE,Electricity,0.062,100,100,FALSE,TRUE,TRUE,elec_Region17Hubei,0.025,elec_Region16Henan,9600,TRUE,0,7063.723147,1,100
TransmissionLink,Line98CandidateAC_Region17Hubei_to_Region14Jiangxi,FALSE,TRUE,Electricity,0.062,100,100,FALSE,TRUE,TRUE,elec_Region17Hubei,0.025,elec_Region14Jiangxi,9600,TRUE,0,5054.977068,1,100
TransmissionLink,Line99CandidateAC_Region25Yunnan_to_Region24Guizhou,FALSE,TRUE,Electricity,0.062,100,100,FALSE,TRUE,TRUE,elec_Region25Yunnan,0.025,elec_Region24Guizhou,9600,TRUE,0,6677.784253,1,100
TransmissionLink,Line100CandidateAC_Region24Guizhou_to_Region20Guangxi,FALSE,TRUE,Electricity,0.062,100,100,FALSE,TRUE,TRUE,elec_Region24Guizhou,0.025,elec_Region20Guangxi,9600,TRUE,0,6793.311572,1,100
TransmissionLink,Line101CandidateAC_Region24Guizhou_to_Region19Guangdong,FALSE,TRUE,Electricity,0.062,100,100,FALSE,TRUE,TRUE,elec_Region24Guizhou,0.025,elec_Region19Guangdong,9600,TRUE,0,9650.814825,1,100
TransmissionLink,Line102CandidateAC_Region20Guangxi_to_Region19Guangdong,FALSE,TRUE,Electricity,0.062,100,100,FALSE,TRUE,TRUE,elec_Region20Guangxi,0.025,elec_Region19Guangdong,9600,TRUE,0,7312.642446,1,100
TransmissionLink,Line103CandidateAC_Region25Yunnan_to_Region20Guangxi,FALSE,TRUE,Electricity,0.062,100,100,FALSE,TRUE,TRUE,elec_Region25Yunnan,0.025,elec_Region20Guangxi,9600,TRUE,0,8376.522493,1,100
TransmissionLink,Line104CandidateAC_Region19Guangdong_to_Region21Hainan,FALSE,TRUE,Electricity,0.062,100,100,FALSE,TRUE,TRUE,elec_Region19Guangdong,0.025,elec_Region21Hainan,9600,TRUE,0,6911.833677,1,100
TransmissionLink,Line105CandidateAC_Region13Fujian_to_Region11Zhejiang,FALSE,TRUE,Electricity,0.062,100,100,FALSE,TRUE,TRUE,elec_Region13Fujian,0.025,elec_Region11Zhejiang,9600,TRUE,0,7040.087498,1,100
TransmissionLink,Line106CandidateAC_Region12Anhui_to_Region11Zhejiang,FALSE,TRUE,Electricity,0.062,100,100,FALSE,TRUE,TRUE,elec_Region12Anhui,0.025,elec_Region11Zhejiang,9600,TRUE,0,5737.627761,1,100
TransmissionLink,Line107CandidateAC_Region12Anhui_to_Region10Jiangsu,FALSE,TRUE,Electricity,0.062,100,100,FALSE,TRUE,TRUE,elec_Region12Anhui,0.025,elec_Region10Jiangsu,9600,TRUE,0,4038.045853,1,100
TransmissionLink,Line108CandidateAC_Region5Innermongolia_to_Region3Hebei,FALSE,TRUE,Electricity,0.062,100,100,FALSE,TRUE,TRUE,elec_Region5Innermongolia,0.025,elec_Region3Hebei,9600,TRUE,0,6320.830307,1,100
TransmissionLink,Line109CandidateAC_Region3Hebei_to_Region1Beijing,FALSE,TRUE,Electricity,0.062,100,100,FALSE,TRUE,TRUE,elec_Region3Hebei,0.025,elec_Region1Beijing,9600,TRUE,0,5198.188129,1,100
TransmissionLink,Line110CandidateAC_Region3Hebei_to_Region2Tianjin,FALSE,TRUE,Electricity,0.062,100,100,FALSE,TRUE,TRUE,elec_Region3Hebei,0.025,elec_Region2Tianjin,9600,TRUE,0,5154.036721,1,100
TransmissionLink,Line111CandidateAC_Region2Tianjin_to_Region1Beijing,FALSE,TRUE,Electricity,0.062,100,100,FALSE,TRUE,TRUE,elec_Region2Tianjin,0.025,elec_Region1Beijing,9600,TRUE,0,3714.217847,1,100
TransmissionLink,Line112CandidateAC_Region4Shanxi_to_Region3Hebei,FALSE,TRUE,Electricity,0.062,100,100,FALSE,TRUE,TRUE,elec_Region4Shanxi,0.025,elec_Region3Hebei,19200,TRUE,0,4293.822839,1,100
TransmissionLink,Line113CandidateAC_Region3Hebei_to_Region15Shandong,FALSE,TRUE,Electricity,0.062,100,100,FALSE,TRUE,TRUE,elec_Region3Hebei,0.025,elec_Region15Shandong,9600,TRUE,0,5193.38774,1,100
TransmissionLink,Line114CandidateAC_Region7Jilin_to_Region6Liaoning,FALSE,TRUE,Electricity,0.062,100,100,FALSE,TRUE,TRUE,elec_Region7Jilin,0.025,elec_Region6Liaoning,9600,TRUE,0,5294.403035,1,100
TransmissionLink,Line115CandidateAC_Region5Innermongolia_to_Region6Liaoning,FALSE,TRUE,Electricity,0.062,100,100,FALSE,TRUE,TRUE,elec_Region5Innermongolia,0.025,elec_Region6Liaoning,9600,TRUE,0,11712.23907,1,100
TransmissionLink,Line116CandidateAC_Region8Heilongjiang_to_Region7Jilin,FALSE,TRUE,Electricity,0.062,100,100,FALSE,TRUE,TRUE,elec_Region8Heilongjiang,0.025,elec_Region7Jilin,9600,TRUE,0,4834.332795,1,100
TransmissionLink,Line117CandidateAC_Region5Innermongolia_to_Region8Heilongjiang,FALSE,TRUE,Electricity,0.062,100,100,FALSE,TRUE,TRUE,elec_Region5Innermongolia,0.025,elec_Region8Heilongjiang,9600,TRUE,0,14841.49125,1,100
TransmissionLink,Line118CandidateAC_Region5Innermongolia_to_Region7Jilin,FALSE,TRUE,Electricity,0.062,100,100,FALSE,TRUE,TRUE,elec_Region5Innermongolia,0.025,elec_Region7Jilin,9600,TRUE,0,13441.35128,1,100
TransmissionLink,Line119CandidateAC_Region4Shanxi_to_Region16Henan,FALSE,TRUE,Electricity,0.062,100,100,FALSE,TRUE,TRUE,elec_Region4Shanxi,0.015,elec_Region16Henan,10000,TRUE,0,11472.81552,1,100
TransmissionLink,Line120CandidateAC_Region16Henan_to_Region17Hubei,FALSE,TRUE,Electricity,0.062,100,100,FALSE,TRUE,TRUE,elec_Region16Henan,0.015,elec_Region17Hubei,10000,TRUE,0,10412.82308,1,100
TransmissionLink,Line121CandidateAC_Region12Anhui_to_Region11Zhejiang,FALSE,TRUE,Electricity,0.062,100,100,FALSE,TRUE,TRUE,elec_Region12Anhui,0.015,elec_Region11Zhejiang,20000,TRUE,0,13478.75058,1,100
TransmissionLink,Line122CandidateAC_Region11Zhejiang_to_Region9Shanghai,FALSE,TRUE,Electricity,0.062,100,100,FALSE,TRUE,TRUE,elec_Region11Zhejiang,0.015,elec_Region9Shanghai,20000,TRUE,0,8460.558516,1,100
TransmissionLink,Line123CandidateAC_Region12Anhui_to_Region10Jiangsu,FALSE,TRUE,Electricity,0.062,100,100,FALSE,TRUE,TRUE,elec_Region12Anhui,0.015,elec_Region10Jiangsu,22000,TRUE,0,11810.69568,1,100
TransmissionLink,Line124CandidateAC_Region10Jiangsu_to_Region9Shanghai,FALSE,TRUE,Electricity,0.062,100,100,FALSE,TRUE,TRUE,elec_Region10Jiangsu,0.015,elec_Region9Shanghai,22000,TRUE,0,10921.47308,1,100
TransmissionLink,Line125CandidateAC_Region11Zhejiang_to_Region13Fujian,FALSE,TRUE,Electricity,0.062,100,100,FALSE,TRUE,TRUE,elec_Region11Zhejiang,0.015,elec_Region13Fujian,21000,TRUE,0,14321.18577,1,100
TransmissionLink,Line126CandidateAC_Region5Innermongolia_to_Region3Hebei,FALSE,TRUE,Electricity,0.062,100,100,FALSE,TRUE,TRUE,elec_Region5Innermongolia,0.015,elec_Region3Hebei,20000,TRUE,0,13606.21803,1,100
TransmissionLink,Line127CandidateAC_Region3Hebei_to_Region2Tianjin,FALSE,TRUE,Electricity,0.062,100,100,FALSE,TRUE,TRUE,elec_Region3Hebei,0.015,elec_Region2Tianjin,20000,TRUE,0,8869.796104,1,100
TransmissionLink,Line128CandidateAC_Region2Tianjin_to_Region15Shandong,FALSE,TRUE,Electricity,0.062,100,100,FALSE,TRUE,TRUE,elec_Region2Tianjin,0.015,elec_Region15Shandong,20000,TRUE,0,10345.73495,1,100
TransmissionLink,Line129CandidateAC_Region5Innermongolia_to_Region4Shanxi,FALSE,TRUE,Electricity,0.062,100,100,FALSE,TRUE,TRUE,elec_Region5Innermongolia,0.015,elec_Region4Shanxi,20000,TRUE,0,9084.478117,1,100
TransmissionLink,Line130CandidateAC_Region4Shanxi_to_Region3Hebei,FALSE,TRUE,Electricity,0.062,100,100,FALSE,TRUE,TRUE,elec_Region4Shanxi,0.015,elec_Region3Hebei,20000,TRUE,0,9983.459049,1,100
TransmissionLink,Line131CandidateAC_Region3Hebei_to_Region2Tianjin,FALSE,TRUE,Electricity,0.062,100,100,FALSE,TRUE,TRUE,elec_Region3Hebei,0.015,elec_Region2Tianjin,20000,TRUE,0,8923.466607,1,100
TransmissionLink,Line132CandidateAC_Region27Shaanxi_to_Region4Shanxi,FALSE,TRUE,Electricity,0.062,100,100,FALSE,TRUE,TRUE,elec_Region27Shaanxi,0.015,elec_Region4Shanxi,20000,TRUE,0,10305.48207,1,100
TransmissionLink,Line133CandidateAC_Region4Shanxi_to_Region3Hebei,FALSE,TRUE,Electricity,0.062,100,100,FALSE,TRUE,TRUE,elec_Region4Shanxi,0.015,elec_Region3Hebei,20000,TRUE,0,10077.38243,1,100
TransmissionLink,Line134CandidateAC_Region3Hebei_to_Region15Shandong,FALSE,TRUE,Electricity,0.062,100,100,FALSE,TRUE,TRUE,elec_Region3Hebei,0.015,elec_Region15Shandong,20000,TRUE,0,13541.81342,1,100
TransmissionLink,Line135CandidateAC_Region1Beijing_to_Region3Hebei,FALSE,TRUE,Electricity,0.062,100,100,FALSE,TRUE,TRUE,elec_Region1Beijing,0.015,elec_Region3Hebei,20000,TRUE,0,9674.853654,1,100
TransmissionLink,Line136CandidateAC_Region3Hebei_to_Region1Beijing,FALSE,TRUE,Electricity,0.062,100,100,FALSE,TRUE,TRUE,elec_Region3Hebei,0.015,elec_Region1Beijing,20000,TRUE,0,10842.1871,1,100
TransmissionLink,Line137CandidateAC_Region15Shandong_to_Region3Hebei,FALSE,TRUE,Electricity,0.062,100,100,FALSE,TRUE,TRUE,elec_Region15Shandong,0.015,elec_Region3Hebei,20000,TRUE,0,17666.3916,1,100
TransmissionLink,Line138CandidateAC_Region5Innermongolia_to_Region4Shanxi,FALSE,TRUE,Electricity,0.062,100,100,FALSE,TRUE,TRUE,elec_Region5Innermongolia,0.015,elec_Region4Shanxi,20000,TRUE,0,10748.26372,1,100
TransmissionLink,Line139ExistingDC_Region17Hubei_to_Region10Jiangsu,FALSE,TRUE,Electricity,0.062,100,100,FALSE,TRUE,TRUE,elec_Region17Hubei,0.075,elec_Region10Jiangsu,3000,FALSE,3000,14781.90643,1,100
TransmissionLink,Line140ExistingDC_Region17Hubei_to_Region9Shanghai,FALSE,TRUE,Electricity,0.062,100,100,FALSE,TRUE,TRUE,elec_Region17Hubei,0.075,elec_Region9Shanghai,1200,FALSE,1200,32545.11925,1,100
TransmissionLink,Line141ExistingDC_Region17Hubei_to_Region9Shanghai,FALSE,TRUE,Electricity,0.062,100,100,FALSE,TRUE,TRUE,elec_Region17Hubei,0.075,elec_Region9Shanghai,3016,FALSE,3016,19517.24461,1,100
TransmissionLink,Line142ExistingDC_Region17Hubei_to_Region9Shanghai,FALSE,TRUE,Electricity,0.062,100,100,FALSE,TRUE,TRUE,elec_Region17Hubei,0.075,elec_Region9Shanghai,3007,FALSE,3007,20439.88792,1,100
TransmissionLink,Line143ExistingDC_Region17Hubei_to_Region19Guangdong,FALSE,TRUE,Electricity,0.062,100,100,FALSE,TRUE,TRUE,elec_Region17Hubei,0.0765,elec_Region19Guangdong,3000,FALSE,3000,21589.1774,1,100
TransmissionLink,Line144ExistingDC_Region5Innermongolia_to_Region6Liaoning,FALSE,TRUE,Electricity,0.062,100,100,FALSE,TRUE,TRUE,elec_Region5Innermongolia,0.0412,elec_Region6Liaoning,3000,FALSE,3000,19001.15963,1,100
TransmissionLink,Line145ExistingDC_Region29Qinghai_to_Region26Tibet,FALSE,TRUE,Electricity,0.062,100,100,FALSE,TRUE,TRUE,elec_Region29Qinghai,0.137,elec_Region26Tibet,600,FALSE,600,52582.65071,1,100
TransmissionLink,Line146ExistingDC_Region23Sichuan_to_Region10Jiangsu,FALSE,TRUE,Electricity,0.062,100,100,FALSE,TRUE,TRUE,elec_Region23Sichuan,0.07,elec_Region10Jiangsu,7200,FALSE,7200,26496.51099,1,100
TransmissionLink,Line147ExistingDC_Region23Sichuan_to_Region9Shanghai,FALSE,TRUE,Electricity,0.062,100,100,FALSE,TRUE,TRUE,elec_Region23Sichuan,0.07,elec_Region9Shanghai,6400,FALSE,6400,26796.72478,1,100
TransmissionLink,Line148ExistingDC_Region23Sichuan_to_Region11Zhejiang,FALSE,TRUE,Electricity,0.062,100,100,FALSE,TRUE,TRUE,elec_Region23Sichuan,0.065,elec_Region11Zhejiang,7500,FALSE,7500,23270.51773,1,100
TransmissionLink,Line149ExistingDC_Region27Shaanxi_to_Region16Henan,FALSE,TRUE,Electricity,0.062,100,100,FALSE,TRUE,TRUE,elec_Region27Shaanxi,0.01,elec_Region16Henan,390,FALSE,390,4961.726222,1,100
TransmissionLink,Line150ExistingDC_Region23Sichuan_to_Region27Shaanxi,FALSE,TRUE,Electricity,0.062,100,100,FALSE,TRUE,TRUE,elec_Region23Sichuan,0.03,elec_Region27Shaanxi,3000,FALSE,3000,16068.07283,1,100
TransmissionLink,Line151ExistingDC_Region3Hebei_to_Region6Liaoning,FALSE,TRUE,Electricity,0.062,100,100,FALSE,TRUE,TRUE,elec_Region3Hebei,0.017,elec_Region6Liaoning,300,FALSE,300,4961.726222,1,100
TransmissionLink,Line152ExistingDC_Region31Xinjiang_to_Region16Henan,FALSE,TRUE,Electricity,0.062,100,100,FALSE,TRUE,TRUE,elec_Region31Xinjiang,0.072,elec_Region16Henan,8000,FALSE,8000,25654.91991,1,100
TransmissionLink,Line153ExistingDC_Region30Ningxia_to_Region15Shandong,FALSE,TRUE,Electricity,0.062,100,100,FALSE,TRUE,TRUE,elec_Region30Ningxia,0.07,elec_Region15Shandong,4000,FALSE,4000,28477.42582,1,100
TransmissionLink,Line154ExistingDC_Region30Ningxia_to_Region11Zhejiang,FALSE,TRUE,Electricity,0.062,100,100,FALSE,TRUE,TRUE,elec_Region30Ningxia,0.065,elec_Region11Zhejiang,8000,FALSE,8000,22844.3233,1,100
TransmissionLink,Line155ExistingDC_Region28Gansu_to_Region18Hunan,FALSE,TRUE,Electricity,0.062,100,100,FALSE,TRUE,TRUE,elec_Region28Gansu,0.065,elec_Region18Hunan,8000,FALSE,8000,26792.25879,1,100
TransmissionLink,Line156ExistingDC_Region25Yunnan_to_Region19Guangdong,FALSE,TRUE,Electricity,0.062,100,100,FALSE,TRUE,TRUE,elec_Region25Yunnan,0.065,elec_Region19Guangdong,6400,FALSE,6400,16479.0677,1,100
TransmissionLink,Line157ExistingDC_Region5Innermongolia_to_Region15Shandong,FALSE,TRUE,Electricity,0.062,100,100,FALSE,TRUE,TRUE,elec_Region5Innermongolia,0.065,elec_Region15Shandong,10000,FALSE,10000,18461.69808,1,100
TransmissionLink,Line158ExistingDC_Region5Innermongolia_to_Region15Shandong,FALSE,TRUE,Electricity,0.062,100,100,FALSE,TRUE,TRUE,elec_Region5Innermongolia,0.07,elec_Region15Shandong,10000,FALSE,10000,18480.75297,1,100
TransmissionLink,Line159ExistingDC_Region5Innermongolia_to_Region10Jiangsu,FALSE,TRUE,Electricity,0.062,100,100,FALSE,TRUE,TRUE,elec_Region5Innermongolia,0.07,elec_Region10Jiangsu,10000,FALSE,10000,20357.65986,1,100
TransmissionLink,Line160ExistingDC_Region4Shanxi_to_Region10Jiangsu,FALSE,TRUE,Electricity,0.062,100,100,FALSE,TRUE,TRUE,elec_Region4Shanxi,0.07,elec_Region10Jiangsu,8000,FALSE,8000,19265.57635,1,100
TransmissionLink,Line161ExistingDC_Region31Xinjiang_to_Region12Anhui,FALSE,TRUE,Electricity,0.062,100,100,FALSE,TRUE,TRUE,elec_Region31Xinjiang,0.07,elec_Region12Anhui,12000,FALSE,12000,36586.89911,1,100
TransmissionLink,Line162ExistingDC_Region22Chongqing_to_Region17Hubei,FALSE,TRUE,Electricity,0.062,100,100,FALSE,TRUE,TRUE,elec_Region22Chongqing,0.007,elec_Region17Hubei,2600,FALSE,2600,11880.18955,1,100
TransmissionLink,Line163ExistingDC_Region25Yunnan_to_Region19Guangdong,FALSE,TRUE,Electricity,0.062,100,100,FALSE,TRUE,TRUE,elec_Region25Yunnan,0.0657,elec_Region19Guangdong,5000,FALSE,5000,27284.11319,1,100
TransmissionLink,Line164ExistingDC_Region25Yunnan_to_Region19Guangdong,FALSE,TRUE,Electricity,0.062,100,100,FALSE,TRUE,TRUE,elec_Region25Yunnan,0.0657,elec_Region19Guangdong,5000,FALSE,5000,31266.58568,1,100
TransmissionLink,Line165ExistingDC_Region24Guizhou_to_Region19Guangdong,FALSE,TRUE,Electricity,0.062,100,100,FALSE,TRUE,TRUE,elec_Region24Guizhou,0.0563,elec_Region19Guangdong,1800,FALSE,1800,24428.15445,1,100
TransmissionLink,Line166ExistingDC_Region24Guizhou_to_Region19Guangdong,FALSE,TRUE,Electricity,0.062,100,100,FALSE,TRUE,TRUE,elec_Region24Guizhou,0.0705,elec_Region19Guangdong,6000,FALSE,6000,15864.1684,1,100
TransmissionLink,Line167ExistingDC_Region25Yunnan_to_Region19Guangdong,FALSE,TRUE,Electricity,0.062,100,100,FALSE,TRUE,TRUE,elec_Region25Yunnan,0.0657,elec_Region19Guangdong,5000,FALSE,5000,25683.50225,1,100
TransmissionLink,Line168ExistingDC_Region25Yunnan_to_Region20Guangxi,FALSE,TRUE,Electricity,0.062,100,100,FALSE,TRUE,TRUE,elec_Region25Yunnan,0.065,elec_Region20Guangxi,3200,FALSE,3200,20004.50667,1,100
TransmissionLink,Line169ExistingDC_Region29Qinghai_to_Region16Henan,FALSE,TRUE,Electricity,0.062,100,100,FALSE,TRUE,TRUE,elec_Region29Qinghai,0.065,elec_Region16Henan,8000,FALSE,8000,22052.35434,1,100
TransmissionLink,Line170ExistingDC_Region25Yunnan_to_Region24Guizhou,FALSE,TRUE,Electricity,0.062,100,100,FALSE,TRUE,TRUE,elec_Region25Yunnan,0.01,elec_Region24Guizhou,3000,FALSE,3000,4961.726222,1,100
TransmissionLink,Line171ExistingDC_Region3Hebei_to_Region1Beijing,FALSE,TRUE,Electricity,0.062,100,100,FALSE,TRUE,TRUE,elec_Region3Hebei,0.06,elec_Region1Beijing,3000,FALSE,3000,13934.9188,1,100
TransmissionLink,Line172CandidateDC_Region25Yunnan_to_Region19Guangdong,FALSE,TRUE,Electricity,0.062,100,100,FALSE,TRUE,TRUE,elec_Region25Yunnan,0.065,elec_Region19Guangdong,16000,TRUE,0,21248.47607,1,100
TransmissionLink,Line173CandidateDC_Region31Xinjiang_to_Region23Sichuan,FALSE,TRUE,Electricity,0.062,100,100,FALSE,TRUE,TRUE,elec_Region31Xinjiang,0.065,elec_Region23Sichuan,24000,TRUE,0,30686.60725,1,100
TransmissionLink,Line174CandidateDC_Region23Sichuan_to_Region11Zhejiang,FALSE,TRUE,Electricity,0.062,100,100,FALSE,TRUE,TRUE,elec_Region23Sichuan,0.065,elec_Region11Zhejiang,16000,TRUE,0,25660.87456,1,100
TransmissionLink,Line175CandidateDC_Region23Sichuan_to_Region10Jiangsu,FALSE,TRUE,Electricity,0.062,100,100,FALSE,TRUE,TRUE,elec_Region23Sichuan,0.065,elec_Region10Jiangsu,16000,TRUE,0,25535.82683,1,100
TransmissionLink,Line176CandidateDC_Region27Shaanxi_to_Region17Hubei,FALSE,TRUE,Electricity,0.062,100,100,FALSE,TRUE,TRUE,elec_Region27Shaanxi,0.065,elec_Region17Hubei,16000,TRUE,0,19372.76012,1,100
TransmissionLink,Line177CandidateDC_Region23Sichuan_to_Region14Jiangxi,FALSE,TRUE,Electricity,0.062,100,100,FALSE,TRUE,TRUE,elec_Region23Sichuan,0.065,elec_Region14Jiangxi,16000,TRUE,0,22790.73142,1,100
TransmissionLink,Line178CandidateDC_Region31Xinjiang_to_Region16Henan,FALSE,TRUE,Electricity,0.062,100,100,FALSE,TRUE,TRUE,elec_Region31Xinjiang,0.065,elec_Region16Henan,16000,TRUE,0,27111.08768,1,100
TransmissionLink,Line179CandidateDC_Region31Xinjiang_to_Region12Anhui,FALSE,TRUE,Electricity,0.062,100,100,FALSE,TRUE,TRUE,elec_Region31Xinjiang,0.065,elec_Region12Anhui,16000,TRUE,0,29844.49874,1,100
TransmissionLink,Line180CandidateDC_Region31Xinjiang_to_Region22Chongqing,FALSE,TRUE,Electricity,0.062,100,100,FALSE,TRUE,TRUE,elec_Region31Xinjiang,0.065,elec_Region22Chongqing,16000,TRUE,0,25702.55714,1,100
TransmissionLink,Line181CandidateDC_Region31Xinjiang_to_Region17Hubei,FALSE,TRUE,Electricity,0.062,100,100,FALSE,TRUE,TRUE,elec_Region31Xinjiang,0.065,elec_Region17Hubei,16000,TRUE,0,29058.14532,1,100
TransmissionLink,Line182CandidateDC_Region31Xinjiang_to_Region14Jiangxi,FALSE,TRUE,Electricity,0.062,100,100,FALSE,TRUE,TRUE,elec_Region31Xinjiang,0.065,elec_Region14Jiangxi,16000,TRUE,0,30541.36302,1,100
TransmissionLink,Line183CandidateDC_Region31Xinjiang_to_Region18Hunan,FALSE,TRUE,Electricity,0.062,100,100,FALSE,TRUE,TRUE,elec_Region31Xinjiang,0.065,elec_Region18Hunan,16000,TRUE,0,29518.90429,1,100
TransmissionLink,Line184CandidateDC_Region30Ningxia_to_Region15Shandong,FALSE,TRUE,Electricity,0.062,100,100,FALSE,TRUE,TRUE,elec_Region30Ningxia,0.065,elec_Region15Shandong,16000,TRUE,0,18358.11145,1,100
TransmissionLink,Line185CandidateDC_Region30Ningxia_to_Region11Zhejiang,FALSE,TRUE,Electricity,0.062,100,100,FALSE,TRUE,TRUE,elec_Region30Ningxia,0.065,elec_Region11Zhejiang,16000,TRUE,0,21935.30332,1,100
TransmissionLink,Line186CandidateDC_Region30Ningxia_to_Region13Fujian,FALSE,TRUE,Electricity,0.062,100,100,FALSE,TRUE,TRUE,elec_Region30Ningxia,0.065,elec_Region13Fujian,16000,TRUE,0,23556.28211,1,100
TransmissionLink,Line187CandidateDC_Region28Gansu_to_Region18Hunan,FALSE,TRUE,Electricity,0.062,100,100,FALSE,TRUE,TRUE,elec_Region28Gansu,0.065,elec_Region18Hunan,16000,TRUE,0,19932.0754,1,100
TransmissionLink,Line188CandidateDC_Region28Gansu_to_Region17Hubei,FALSE,TRUE,Electricity,0.062,100,100,FALSE,TRUE,TRUE,elec_Region28Gansu,0.065,elec_Region17Hubei,16000,TRUE,0,19495.93548,1,100
TransmissionLink,Line189CandidateDC_Region29Qinghai_to_Region16Henan,FALSE,TRUE,Electricity,0.062,100,100,FALSE,TRUE,TRUE,elec_Region29Qinghai,0.065,elec_Region16Henan,16000,TRUE,0,19114.9532,1,100
TransmissionLink,Line190CandidateDC_Region29Qinghai_to_Region13Fujian,FALSE,TRUE,Electricity,0.062,100,100,FALSE,TRUE,TRUE,elec_Region29Qinghai,0.065,elec_Region13Fujian,16000,TRUE,0,24686.03967,1,100
TransmissionLink,Line191CandidateDC_Region29Qinghai_to_Region14Jiangxi,FALSE,TRUE,Electricity,0.062,100,100,FALSE,TRUE,TRUE,elec_Region29Qinghai,0.065,elec_Region14Jiangxi,16000,TRUE,0,22046.02306,1,100
TransmissionLink,Line192CandidateDC_Region25Yunnan_to_Region19Guangdong,FALSE,TRUE,Electricity,0.062,100,100,FALSE,TRUE,TRUE,elec_Region25Yunnan,0.065,elec_Region19Guangdong,16000,TRUE,0,19067.67701,1,100
TransmissionLink,Line193CandidateDC_Region24Guizhou_to_Region19Guangdong,FALSE,TRUE,Electricity,0.062,100,100,FALSE,TRUE,TRUE,elec_Region24Guizhou,0.065,elec_Region19Guangdong,16000,TRUE,0,17122.22096,1,100
TransmissionLink,Line194CandidateDC_Region23Sichuan_to_Region13Fujian,FALSE,TRUE,Electricity,0.062,100,100,FALSE,TRUE,TRUE,elec_Region23Sichuan,0.065,elec_Region13Fujian,16000,TRUE,0,21976.7077,1,100
TransmissionLink,Line195CandidateDC_Region23Sichuan_to_Region11Zhejiang,FALSE,TRUE,Electricity,0.062,100,100,FALSE,TRUE,TRUE,elec_Region23Sichuan,0.065,elec_Region11Zhejiang,16000,TRUE,0,21804.03761,1,100
TransmissionLink,Line196CandidateDC_Region5Innermongolia_to_Region22Chongqing,FALSE,TRUE,Electricity,0.062,100,100,FALSE,TRUE,TRUE,elec_Region5Innermongolia,0.065,elec_Region22Chongqing,16000,TRUE,0,20531.36811,1,100
TransmissionLink,Line197CandidateDC_Region5Innermongolia_to_Region10Jiangsu,FALSE,TRUE,Electricity,0.062,100,100,FALSE,TRUE,TRUE,elec_Region5Innermongolia,0.065,elec_Region10Jiangsu,16000,TRUE,0,19540.86656,1,100
TransmissionLink,Line198CandidateDC_Region5Innermongolia_to_Region12Anhui,FALSE,TRUE,Electricity,0.062,100,100,FALSE,TRUE,TRUE,elec_Region5Innermongolia,0.065,elec_Region12Anhui,16000,TRUE,0,19245.40213,1,100
TransmissionLink,Line199CandidateDC_Region5Innermongolia_to_Region14Jiangxi,FALSE,TRUE,Electricity,0.062,100,100,FALSE,TRUE,TRUE,elec_Region5Innermongolia,0.065,elec_Region14Jiangxi,16000,TRUE,0,20962.01333,1,100
TransmissionLink,Line200CandidateDC_Region5Innermongolia_to_Region18Hunan,FALSE,TRUE,Electricity,0.062,100,100,FALSE,TRUE,TRUE,elec_Region5Innermongolia,0.065,elec_Region18Hunan,16000,TRUE,0,20983.85486,1,100
TransmissionLink,Line201CandidateDC_Region28Gansu_to_Region15Shandong,FALSE,TRUE,Electricity,0.062,100,100,FALSE,TRUE,TRUE,elec_Region28Gansu,0.065,elec_Region15Shandong,16000,TRUE,0,17520.86278,1,100
TransmissionLink,Line202CandidateDC_Region8Heilongjiang_to_Region3Hebei,FALSE,TRUE,Electricity,0.062,100,100,FALSE,TRUE,TRUE,elec_Region8Heilongjiang,0.065,elec_Region3Hebei,16000,TRUE,0,20460.38218,1,100
TransmissionLink,Line203CandidateDC_Region6Liaoning_to_Region3Hebei,FALSE,TRUE,Electricity,0.062,100,100,FALSE,TRUE,TRUE,elec_Region6Liaoning,0.065,elec_Region3Hebei,16000,TRUE,0,17761.82695,1,100
TransmissionLink,Line204CandidateDC_Region26Tibet_to_Region16Henan,FALSE,TRUE,Electricity,0.062,100,100,FALSE,TRUE,TRUE,elec_Region26Tibet,0.065,elec_Region16Henan,16000,TRUE,0,23320.69561,1,100
TransmissionLink,Line205CandidateDC_Region26Tibet_to_Region3Hebei,FALSE,TRUE,Electricity,0.062,100,100,FALSE,TRUE,TRUE,elec_Region26Tibet,0.065,elec_Region3Hebei,16000,TRUE,0,24391.34236,1,100
TransmissionLink,Line206CandidateDC_Region26Tibet_to_Region19Guangdong,FALSE,TRUE,Electricity,0.062,100,100,FALSE,TRUE,TRUE,elec_Region26Tibet,0.065,elec_Region19Guangdong,16000,TRUE,0,23692.26601,1,100
