Type,id,edges--elec_edge--unidirectional,edges--elec_edge--has_capacity,edges--fuel_edge--unidirectional,edges--fuel_edge--has_capacity,edges--co2_edge--unidirectional,edges--co2_edge--has_capacity,transforms--constraints--BalanceConstraint,edges--elec_edge--can_retire,edges--elec_edge--capital_recovery_period,edges--elec_edge--can_expand,edges--elec_edge--min_down_time,edges--elec_edge--max_capacity,edges--elec_edge--fixed_om_cost,edges--elec_edge--existing_capacity,edges--elec_edge--min_up_time,edges--elec_edge--commodity,edges--elec_edge--capacity_size,edges--elec_edge--lifetime,edges--elec_edge--ramp_down_fraction,edges--elec_edge--end_vertex,edges--elec_edge--variable_om_cost,edges--elec_edge--investment_cost,edges--elec_edge--constraints--MinFlowConstraint,edges--elec_edge--constraints--MinDownTimeConstraint,edges--elec_edge--constraints--CapacityConstraint,edges--elec_edge--constraints--MinUpTimeConstraint,edges--elec_edge--constraints--RampingLimitConstraint,edges--elec_edge--min_capacity,edges--elec_edge--startup_fuel_consumption,edges--elec_edge--ramp_up_fraction,edges--elec_edge--min_flow_fraction,edges--elec_edge--wacc,edges--elec_edge--uc,edges--elec_edge--startup_cost,edges--fuel_edge--start_vertex,edges--fuel_edge--commodity,edges--co2_edge--commodity,edges--co2_edge--end_vertex,transforms--fuel_consumption,transforms--emission_rate,transforms--timedata
ThermalPower,Region1Beijing_naturalgas_power,TRUE,TRUE,TRUE,FALSE,TRUE,FALSE,TRUE,TRUE,20,TRUE,6,-1,15333.33333,11378.58,6,Electricity,200,20,1,elec_Region1Beijing,6.766944444,24389.3303,TRUE,TRUE,TRUE,TRUE,TRUE,0,0.3,1,0.3,0.039,TRUE,43.06869782,natgas_Region1Beijing,NaturalGas,CO2,co2_sink_1,1.785714286,0.181,NaturalGas
ThermalPower,Region2Tianjin_naturalgas_power,TRUE,TRUE,TRUE,FALSE,TRUE,FALSE,TRUE,TRUE,20,TRUE,6,-1,15333.33333,4606.76,6,Electricity,200,20,1,elec_Region2Tianjin,6.766944444,24389.3303,TRUE,TRUE,TRUE,TRUE,TRUE,0,0.3,1,0.3,0.039,TRUE,43.06869782,natgas_Region2Tianjin,NaturalGas,CO2,co2_sink_2,1.785714286,0.181,NaturalGas
ThermalPower,Region3Hebei_naturalgas_power,TRUE,TRUE,TRUE,FALSE,TRUE,FALSE,TRUE,TRUE,20,TRUE,6,-1,15333.33333,2538.85,6,Electricity,200,20,1,elec_Region3Hebei,6.766944444,24389.3303,TRUE,TRUE,TRUE,TRUE,TRUE,0,0.3,1,0.3,0.039,TRUE,43.06869782,natgas_Region3Hebei,NaturalGas,CO2,co2_sink_3,1.785714286,0.181,NaturalGas
ThermalPower,Region4Shanxi_naturalgas_power,TRUE,TRUE,TRUE,FALSE,TRUE,FALSE,TRUE,TRUE,20,TRUE,6,-1,15333.33333,5548.02,6,Electricity,200,20,1,elec_Region4Shanxi,6.766944444,24389.3303,TRUE,TRUE,TRUE,TRUE,TRUE,0,0.3,1,0.3,0.039,TRUE,43.06869782,natgas_Region4Shanxi,NaturalGas,CO2,co2_sink_4,1.785714286,0.181,NaturalGas
ThermalPower,Region5Innermongolia_naturalgas_power,TRUE,TRUE,TRUE,FALSE,TRUE,FALSE,TRUE,TRUE,20,TRUE,6,-1,15333.33333,698.74,6,Electricity,200,20,1,elec_Region5Innermongolia,6.766944444,24389.3303,TRUE,TRUE,TRUE,TRUE,TRUE,0,0.3,1,0.3,0.039,TRUE,43.06869782,natgas_Region5Innermongolia,NaturalGas,CO2,co2_sink_5,1.785714286,0.181,NaturalGas
ThermalPower,Region6Liaoning_naturalgas_power,TRUE,TRUE,TRUE,FALSE,TRUE,FALSE,TRUE,TRUE,20,TRUE,6,-1,15333.33333,0,6,Electricity,200,20,1,elec_Region6Liaoning,6.766944444,24389.3303,TRUE,TRUE,TRUE,TRUE,TRUE,0,0.3,1,0.3,0.039,TRUE,43.06869782,natgas_Region6Liaoning,NaturalGas,CO2,co2_sink_6,1.785714286,0.181,NaturalGas
ThermalPower,Region7Jilin_naturalgas_power,TRUE,TRUE,TRUE,FALSE,TRUE,FALSE,TRUE,TRUE,20,TRUE,6,-1,15333.33333,0,6,Electricity,200,20,1,elec_Region7Jilin,6.766944444,24389.3303,TRUE,TRUE,TRUE,TRUE,TRUE,0,0.3,1,0.3,0.039,TRUE,43.06869782,natgas_Region7Jilin,NaturalGas,CO2,co2_sink_7,1.785714286,0.181,NaturalGas
ThermalPower,Region8Heilongjiang_naturalgas_power,TRUE,TRUE,TRUE,FALSE,TRUE,FALSE,TRUE,TRUE,20,TRUE,6,-1,15333.33333,0,6,Electricity,200,20,1,elec_Region8Heilongjiang,6.766944444,24389.3303,TRUE,TRUE,TRUE,TRUE,TRUE,0,0.3,1,0.3,0.039,TRUE,43.06869782,natgas_Region8Heilongjiang,NaturalGas,CO2,co2_sink_8,1.785714286,0.181,NaturalGas
ThermalPower,Region9Shanghai_naturalgas_power,TRUE,TRUE,TRUE,FALSE,TRUE,FALSE,TRUE,TRUE,20,TRUE,6,-1,15333.33333,8064.47,6,Electricity,200,20,1,elec_Region9Shanghai,6.766944444,24389.3303,TRUE,TRUE,TRUE,TRUE,TRUE,0,0.3,1,0.3,0.039,TRUE,43.06869782,natgas_Region9Shanghai,NaturalGas,CO2,co2_sink_9,1.785714286,0.181,NaturalGas
ThermalPower,Region10Jiangsu_naturalgas_power,TRUE,TRUE,TRUE,FALSE,TRUE,FALSE,TRUE,TRUE,20,TRUE,6,-1,15333.33333,17770.26,6,Electricity,200,20,1,elec_Region10Jiangsu,6.766944444,24389.3303,TRUE,TRUE,TRUE,TRUE,TRUE,0,0.3,1,0.3,0.039,TRUE,43.06869782,natgas_Region10Jiangsu,NaturalGas,CO2,co2_sink_10,1.785714286,0.181,NaturalGas
ThermalPower,Region11Zhejiang_naturalgas_power,TRUE,TRUE,TRUE,FALSE,TRUE,FALSE,TRUE,TRUE,20,TRUE,6,-1,15333.33333,14682.56,6,Electricity,200,20,1,elec_Region11Zhejiang,6.766944444,24389.3303,TRUE,TRUE,TRUE,TRUE,TRUE,0,0.3,1,0.3,0.039,TRUE,43.06869782,natgas_Region11Zhejiang,NaturalGas,CO2,co2_sink_11,1.785714286,0.181,NaturalGas
ThermalPower,Region12Anhui_naturalgas_power,TRUE,TRUE,TRUE,FALSE,TRUE,FALSE,TRUE,TRUE,20,TRUE,6,-1,15333.33333,2005.05,6,Electricity,200,20,1,elec_Region12Anhui,6.766944444,24389.3303,TRUE,TRUE,TRUE,TRUE,TRUE,0,0.3,1,0.3,0.039,TRUE,43.06869782,natgas_Region12Anhui,NaturalGas,CO2,co2_sink_12,1.785714286,0.181,NaturalGas
ThermalPower,Region13Fujian_naturalgas_power,TRUE,TRUE,TRUE,FALSE,TRUE,FALSE,TRUE,TRUE,20,TRUE,6,-1,15333.33333,4024.25,6,Electricity,200,20,1,elec_Region13Fujian,6.766944444,24389.3303,TRUE,TRUE,TRUE,TRUE,TRUE,0,0.3,1,0.3,0.039,TRUE,43.06869782,natgas_Region13Fujian,NaturalGas,CO2,co2_sink_13,1.785714286,0.181,NaturalGas
ThermalPower,Region14Jiangxi_naturalgas_power,TRUE,TRUE,TRUE,FALSE,TRUE,FALSE,TRUE,TRUE,20,TRUE,6,-1,15333.33333,184.55,6,Electricity,200,20,1,elec_Region14Jiangxi,6.766944444,24389.3303,TRUE,TRUE,TRUE,TRUE,TRUE,0,0.3,1,0.3,0.039,TRUE,43.06869782,natgas_Region14Jiangxi,NaturalGas,CO2,co2_sink_14,1.785714286,0.181,NaturalGas
ThermalPower,Region15Shandong_naturalgas_power,TRUE,TRUE,TRUE,FALSE,TRUE,FALSE,TRUE,TRUE,20,TRUE,6,-1,15333.33333,4183.81,6,Electricity,200,20,1,elec_Region15Shandong,6.766944444,24389.3303,TRUE,TRUE,TRUE,TRUE,TRUE,0,0.3,1,0.3,0.039,TRUE,43.06869782,natgas_Region15Shandong,NaturalGas,CO2,co2_sink_15,1.785714286,0.181,NaturalGas
ThermalPower,Region16Henan_naturalgas_power,TRUE,TRUE,TRUE,FALSE,TRUE,FALSE,TRUE,TRUE,20,TRUE,6,-1,15333.33333,3947.71,6,Electricity,200,20,1,elec_Region16Henan,6.766944444,24389.3303,TRUE,TRUE,TRUE,TRUE,TRUE,0,0.3,1,0.3,0.039,TRUE,43.06869782,natgas_Region16Henan,NaturalGas,CO2,co2_sink_16,1.785714286,0.181,NaturalGas
ThermalPower,Region17Hubei_naturalgas_power,TRUE,TRUE,TRUE,FALSE,TRUE,FALSE,TRUE,TRUE,20,TRUE,6,-1,15333.33333,812.35,6,Electricity,200,20,1,elec_Region17Hubei,6.766944444,24389.3303,TRUE,TRUE,TRUE,TRUE,TRUE,0,0.3,1,0.3,0.039,TRUE,43.06869782,natgas_Region17Hubei,NaturalGas,CO2,co2_sink_17,1.785714286,0.181,NaturalGas
ThermalPower,Region18Hunan_naturalgas_power,TRUE,TRUE,TRUE,FALSE,TRUE,FALSE,TRUE,TRUE,20,TRUE,6,-1,15333.33333,0,6,Electricity,200,20,1,elec_Region18Hunan,6.766944444,24389.3303,TRUE,TRUE,TRUE,TRUE,TRUE,0,0.3,1,0.3,0.039,TRUE,43.06869782,natgas_Region18Hunan,NaturalGas,CO2,co2_sink_18,1.785714286,0.181,NaturalGas
ThermalPower,Region19Guangdong_naturalgas_power,TRUE,TRUE,TRUE,FALSE,TRUE,FALSE,TRUE,TRUE,20,TRUE,6,-1,15333.33333,24520.25,6,Electricity,200,20,1,elec_Region19Guangdong,6.766944444,24389.3303,TRUE,TRUE,TRUE,TRUE,TRUE,0,0.3,1,0.3,0.039,TRUE,43.06869782,natgas_Region19Guangdong,NaturalGas,CO2,co2_sink_19,1.785714286,0.181,NaturalGas
ThermalPower,Region20Guangxi_naturalgas_power,TRUE,TRUE,TRUE,FALSE,TRUE,FALSE,TRUE,TRUE,20,TRUE,6,-1,15333.33333,143.37,6,Electricity,200,20,1,elec_Region20Guangxi,6.766944444,24389.3303,TRUE,TRUE,TRUE,TRUE,TRUE,0,0.3,1,0.3,0.039,TRUE,43.06869782,natgas_Region20Guangxi,NaturalGas,CO2,co2_sink_20,1.785714286,0.181,NaturalGas
ThermalPower,Region21Hainan_naturalgas_power,TRUE,TRUE,TRUE,FALSE,TRUE,FALSE,TRUE,TRUE,20,TRUE,6,-1,15333.33333,1016.24,6,Electricity,200,20,1,elec_Region21Hainan,6.766944444,24389.3303,TRUE,TRUE,TRUE,TRUE,TRUE,0,0.3,1,0.3,0.039,TRUE,43.06869782,natgas_Region21Hainan,NaturalGas,CO2,co2_sink_21,1.785714286,0.181,NaturalGas
ThermalPower,Region22Chongqing_naturalgas_power,TRUE,TRUE,TRUE,FALSE,TRUE,FALSE,TRUE,TRUE,20,TRUE,6,-1,15333.33333,868.88,6,Electricity,200,20,1,elec_Region22Chongqing,6.766944444,24389.3303,TRUE,TRUE,TRUE,TRUE,TRUE,0,0.3,1,0.3,0.039,TRUE,43.06869782,natgas_Region22Chongqing,NaturalGas,CO2,co2_sink_22,1.785714286,0.181,NaturalGas
ThermalPower,Region23Sichuan_naturalgas_power,TRUE,TRUE,TRUE,FALSE,TRUE,FALSE,TRUE,TRUE,20,TRUE,6,-1,15333.33333,1193.18,6,Electricity,200,20,1,elec_Region23Sichuan,6.766944444,24389.3303,TRUE,TRUE,TRUE,TRUE,TRUE,0,0.3,1,0.3,0.039,TRUE,43.06869782,natgas_Region23Sichuan,NaturalGas,CO2,co2_sink_23,1.785714286,0.181,NaturalGas
ThermalPower,Region24Guizhou_naturalgas_power,TRUE,TRUE,TRUE,FALSE,TRUE,FALSE,TRUE,TRUE,20,TRUE,6,-1,15333.33333,0,6,Electricity,200,20,1,elec_Region24Guizhou,6.766944444,24389.3303,TRUE,TRUE,TRUE,TRUE,TRUE,0,0.3,1,0.3,0.039,TRUE,43.06869782,natgas_Region24Guizhou,NaturalGas,CO2,co2_sink_24,1.785714286,0.181,NaturalGas
ThermalPower,Region25Yunnan_naturalgas_power,TRUE,TRUE,TRUE,FALSE,TRUE,FALSE,TRUE,TRUE,20,TRUE,6,-1,15333.33333,0,6,Electricity,200,20,1,elec_Region25Yunnan,6.766944444,24389.3303,TRUE,TRUE,TRUE,TRUE,TRUE,0,0.3,1,0.3,0.039,TRUE,43.06869782,natgas_Region25Yunnan,NaturalGas,CO2,co2_sink_25,1.785714286,0.181,NaturalGas
ThermalPower,Region26Tibet_naturalgas_power,TRUE,TRUE,TRUE,FALSE,TRUE,FALSE,TRUE,TRUE,20,TRUE,6,-1,15333.33333,0,6,Electricity,200,20,1,elec_Region26Tibet,6.766944444,24389.3303,TRUE,TRUE,TRUE,TRUE,TRUE,0,0.3,1,0.3,0.039,TRUE,43.06869782,natgas_Region26Tibet,NaturalGas,CO2,co2_sink_26,1.785714286,0.181,NaturalGas
ThermalPower,Region27Shaanxi_naturalgas_power,TRUE,TRUE,TRUE,FALSE,TRUE,FALSE,TRUE,TRUE,20,TRUE,6,-1,15333.33333,0,6,Electricity,200,20,1,elec_Region27Shaanxi,6.766944444,24389.3303,TRUE,TRUE,TRUE,TRUE,TRUE,0,0.3,1,0.3,0.039,TRUE,43.06869782,natgas_Region27Shaanxi,NaturalGas,CO2,co2_sink_27,1.785714286,0.181,NaturalGas
ThermalPower,Region28Gansu_naturalgas_power,TRUE,TRUE,TRUE,FALSE,TRUE,FALSE,TRUE,TRUE,20,TRUE,6,-1,15333.33333,0,6,Electricity,200,20,1,elec_Region28Gansu,6.766944444,24389.3303,TRUE,TRUE,TRUE,TRUE,TRUE,0,0.3,1,0.3,0.039,TRUE,43.06869782,natgas_Region28Gansu,NaturalGas,CO2,co2_sink_28,1.785714286,0.181,NaturalGas
ThermalPower,Region29Qinghai_naturalgas_power,TRUE,TRUE,TRUE,FALSE,TRUE,FALSE,TRUE,TRUE,20,TRUE,6,-1,15333.33333,0,6,Electricity,200,20,1,elec_Region29Qinghai,6.766944444,24389.3303,TRUE,TRUE,TRUE,TRUE,TRUE,0,0.3,1,0.3,0.039,TRUE,43.06869782,natgas_Region29Qinghai,NaturalGas,CO2,co2_sink_29,1.785714286,0.181,NaturalGas
ThermalPower,Region30Ningxia_naturalgas_power,TRUE,TRUE,TRUE,FALSE,TRUE,FALSE,TRUE,TRUE,20,TRUE,6,-1,15333.33333,1185.59,6,Electricity,200,20,1,elec_Region30Ningxia,6.766944444,24389.3303,TRUE,TRUE,TRUE,TRUE,TRUE,0,0.3,1,0.3,0.039,TRUE,43.06869782,natgas_Region30Ningxia,NaturalGas,CO2,co2_sink_30,1.785714286,0.181,NaturalGas
ThermalPower,Region31Xinjiang_naturalgas_power,TRUE,TRUE,TRUE,FALSE,TRUE,FALSE,TRUE,TRUE,20,TRUE,6,-1,15333.33333,1842.65,6,Electricity,200,20,1,elec_Region31Xinjiang,6.766944444,24389.3303,TRUE,TRUE,TRUE,TRUE,TRUE,0,0.3,1,0.3,0.039,TRUE,43.06869782,natgas_Region31Xinjiang,NaturalGas,CO2,co2_sink_31,1.785714286,0.181,NaturalGas
ThermalPower,Region1Beijing_300MW_sub,TRUE,TRUE,TRUE,FALSE,TRUE,FALSE,TRUE,TRUE,40,TRUE,12,-1,18154.51148,0,12,Electricity,200,40,0.6,elec_Region1Beijing,4.422693955,55677.52873,TRUE,TRUE,TRUE,TRUE,TRUE,0,150.3075,0.6,0.5,0.039,TRUE,0.5,coal_Region1Beijing,Coal,CO2,co2_sink_1,3.294231505,0.345871711,Coal
ThermalPower,Region2Tianjin_300MW_sub,TRUE,TRUE,TRUE,FALSE,TRUE,FALSE,TRUE,TRUE,40,TRUE,12,-1,18154.51148,800,12,Electricity,200,40,0.6,elec_Region2Tianjin,4.422693955,55677.52873,TRUE,TRUE,TRUE,TRUE,TRUE,0,150.3075,0.6,0.5,0.039,TRUE,0.5,coal_Region2Tianjin,Coal,CO2,co2_sink_2,3.187880564,0.343259997,Coal
ThermalPower,Region3Hebei_300MW_sub,TRUE,TRUE,TRUE,FALSE,TRUE,FALSE,TRUE,TRUE,40,TRUE,12,-1,18154.51148,13000,12,Electricity,200,40,0.6,elec_Region3Hebei,4.422693955,55677.52873,TRUE,TRUE,TRUE,TRUE,TRUE,0,150.3075,0.6,0.5,0.039,TRUE,0.5,coal_Region3Hebei,Coal,CO2,co2_sink_3,3.199687529,0.343646664,Coal
ThermalPower,Region4Shanxi_300MW_sub,TRUE,TRUE,TRUE,FALSE,TRUE,FALSE,TRUE,TRUE,40,TRUE,12,-1,18154.51148,16075,12,Electricity,200,40,0.6,elec_Region4Shanxi,4.422693955,55677.52873,TRUE,TRUE,TRUE,TRUE,TRUE,0,150.3075,0.6,0.5,0.039,TRUE,0.5,coal_Region4Shanxi,Coal,CO2,co2_sink_4,3.242287059,0.343065597,Coal
ThermalPower,Region5Innermongolia_300MW_sub,TRUE,TRUE,TRUE,FALSE,TRUE,FALSE,TRUE,TRUE,40,TRUE,12,-1,18154.51148,23170,12,Electricity,200,40,0.6,elec_Region5Innermongolia,4.422693955,55677.52873,TRUE,TRUE,TRUE,TRUE,TRUE,0,150.3075,0.6,0.5,0.039,TRUE,0.5,coal_Region5Innermongolia,Coal,CO2,co2_sink_5,3.272890712,0.346059997,Coal
ThermalPower,Region6Liaoning_300MW_sub,TRUE,TRUE,TRUE,FALSE,TRUE,FALSE,TRUE,TRUE,40,TRUE,12,-1,18154.51148,0,12,Electricity,200,40,0.6,elec_Region6Liaoning,4.422693955,55677.52873,TRUE,TRUE,TRUE,TRUE,TRUE,0,150.3075,0.6,0.5,0.039,TRUE,0.5,coal_Region6Liaoning,Coal,CO2,co2_sink_6,2.957321553,0.345738459,Coal
ThermalPower,Region7Jilin_300MW_sub,TRUE,TRUE,TRUE,FALSE,TRUE,FALSE,TRUE,TRUE,40,TRUE,12,-1,18154.51148,34950,12,Electricity,200,40,0.6,elec_Region7Jilin,4.422693955,55677.52873,TRUE,TRUE,TRUE,TRUE,TRUE,0,150.3075,0.6,0.5,0.039,TRUE,0.5,coal_Region7Jilin,Coal,CO2,co2_sink_7,2.954889787,0.347440906,Coal
ThermalPower,Region8Heilongjiang_300MW_sub,TRUE,TRUE,TRUE,FALSE,TRUE,FALSE,TRUE,TRUE,40,TRUE,12,-1,18154.51148,15400,12,Electricity,200,40,0.6,elec_Region8Heilongjiang,4.422693955,55677.52873,TRUE,TRUE,TRUE,TRUE,TRUE,0,150.3075,0.6,0.5,0.039,TRUE,0.5,coal_Region8Heilongjiang,Coal,CO2,co2_sink_8,2.738260697,0.346706664,Coal
ThermalPower,Region9Shanghai_300MW_sub,TRUE,TRUE,TRUE,FALSE,TRUE,FALSE,TRUE,TRUE,40,TRUE,12,-1,18154.51148,700,12,Electricity,200,40,0.6,elec_Region9Shanghai,4.422693955,55677.52873,TRUE,TRUE,TRUE,TRUE,TRUE,0,150.3075,0.6,0.5,0.039,TRUE,0.5,coal_Region9Shanghai,Coal,CO2,co2_sink_9,2.66671228,0.344159997,Coal
ThermalPower,Region10Jiangsu_300MW_sub,TRUE,TRUE,TRUE,FALSE,TRUE,FALSE,TRUE,TRUE,40,TRUE,12,-1,18154.51148,1920,12,Electricity,200,40,0.6,elec_Region10Jiangsu,4.422693955,55677.52873,TRUE,TRUE,TRUE,TRUE,TRUE,0,150.3075,0.6,0.5,0.039,TRUE,0.5,coal_Region10Jiangsu,Coal,CO2,co2_sink_10,2.720324748,0.343514714,Coal
ThermalPower,Region11Zhejiang_300MW_sub,TRUE,TRUE,TRUE,FALSE,TRUE,FALSE,TRUE,TRUE,40,TRUE,12,-1,18154.51148,6600,12,Electricity,200,40,0.6,elec_Region11Zhejiang,4.422693955,55677.52873,TRUE,TRUE,TRUE,TRUE,TRUE,0,150.3075,0.6,0.5,0.039,TRUE,0.5,coal_Region11Zhejiang,Coal,CO2,co2_sink_11,2.51372332,0.342221536,Coal
ThermalPower,Region12Anhui_300MW_sub,TRUE,TRUE,TRUE,FALSE,TRUE,FALSE,TRUE,TRUE,40,TRUE,12,-1,18154.51148,39100,12,Electricity,200,40,0.6,elec_Region12Anhui,4.422693955,55677.52873,TRUE,TRUE,TRUE,TRUE,TRUE,0,150.3075,0.6,0.5,0.039,TRUE,0.5,coal_Region12Anhui,Coal,CO2,co2_sink_12,2.433790887,0.344823155,Coal
ThermalPower,Region13Fujian_300MW_sub,TRUE,TRUE,TRUE,FALSE,TRUE,FALSE,TRUE,TRUE,40,TRUE,12,-1,18154.51148,4095,12,Electricity,200,40,0.6,elec_Region13Fujian,4.422693955,55677.52873,TRUE,TRUE,TRUE,TRUE,TRUE,0,150.3075,0.6,0.5,0.039,TRUE,0.5,coal_Region13Fujian,Coal,CO2,co2_sink_13,3.129919099,0.346041815,Coal
ThermalPower,Region14Jiangxi_300MW_sub,TRUE,TRUE,TRUE,FALSE,TRUE,FALSE,TRUE,TRUE,40,TRUE,12,-1,18154.51148,1905,12,Electricity,200,40,0.6,elec_Region14Jiangxi,4.422693955,55677.52873,TRUE,TRUE,TRUE,TRUE,TRUE,0,150.3075,0.6,0.5,0.039,TRUE,0.5,coal_Region14Jiangxi,Coal,CO2,co2_sink_14,3.289892742,0.345383997,Coal
ThermalPower,Region15Shandong_300MW_sub,TRUE,TRUE,TRUE,FALSE,TRUE,FALSE,TRUE,TRUE,40,TRUE,12,-1,18154.51148,15010,12,Electricity,200,40,0.6,elec_Region15Shandong,4.422693955,55677.52873,TRUE,TRUE,TRUE,TRUE,TRUE,0,150.3075,0.6,0.5,0.039,TRUE,0.5,coal_Region15Shandong,Coal,CO2,co2_sink_15,3.356650711,0.345709409,Coal
ThermalPower,Region16Henan_300MW_sub,TRUE,TRUE,TRUE,FALSE,TRUE,FALSE,TRUE,TRUE,40,TRUE,12,-1,18154.51148,8940,12,Electricity,200,40,0.6,elec_Region16Henan,4.422693955,55677.52873,TRUE,TRUE,TRUE,TRUE,TRUE,0,150.3075,0.6,0.5,0.039,TRUE,0.5,coal_Region16Henan,Coal,CO2,co2_sink_16,3.288264888,0.345071487,Coal
ThermalPower,Region17Hubei_300MW_sub,TRUE,TRUE,TRUE,FALSE,TRUE,FALSE,TRUE,TRUE,40,TRUE,12,-1,18154.51148,1043,12,Electricity,200,40,0.6,elec_Region17Hubei,4.422693955,55677.52873,TRUE,TRUE,TRUE,TRUE,TRUE,0,150.3075,0.6,0.5,0.039,TRUE,0.5,coal_Region17Hubei,Coal,CO2,co2_sink_17,3.466095595,0.346418179,Coal
ThermalPower,Region18Hunan_300MW_sub,TRUE,TRUE,TRUE,FALSE,TRUE,FALSE,TRUE,TRUE,40,TRUE,12,-1,18154.51148,3760,12,Electricity,200,40,0.6,elec_Region18Hunan,4.422693955,55677.52873,TRUE,TRUE,TRUE,TRUE,TRUE,0,150.3075,0.6,0.5,0.039,TRUE,0.5,coal_Region18Hunan,Coal,CO2,co2_sink_18,3.196381579,0.352295997,Coal
ThermalPower,Region19Guangdong_300MW_sub,TRUE,TRUE,TRUE,FALSE,TRUE,FALSE,TRUE,TRUE,40,TRUE,12,-1,18154.51148,7490,12,Electricity,200,40,0.6,elec_Region19Guangdong,4.422693955,55677.52873,TRUE,TRUE,TRUE,TRUE,TRUE,0,150.3075,0.6,0.5,0.039,TRUE,0.5,coal_Region19Guangdong,Coal,CO2,co2_sink_19,3.301610357,0.347215132,Coal
ThermalPower,Region20Guangxi_300MW_sub,TRUE,TRUE,TRUE,FALSE,TRUE,FALSE,TRUE,TRUE,40,TRUE,12,-1,18154.51148,3035,12,Electricity,200,40,0.6,elec_Region20Guangxi,4.422693955,55677.52873,TRUE,TRUE,TRUE,TRUE,TRUE,0,150.3075,0.6,0.5,0.039,TRUE,0.5,coal_Region20Guangxi,Coal,CO2,co2_sink_20,3.264389697,0.350279997,Coal
ThermalPower,Region21Hainan_300MW_sub,TRUE,TRUE,TRUE,FALSE,TRUE,FALSE,TRUE,TRUE,40,TRUE,12,-1,18154.51148,300,12,Electricity,200,40,0.6,elec_Region21Hainan,4.422693955,55677.52873,TRUE,TRUE,TRUE,TRUE,TRUE,0,150.3075,0.6,0.5,0.039,TRUE,0.5,coal_Region21Hainan,Coal,CO2,co2_sink_21,3.570426232,0.345959997,Coal
ThermalPower,Region22Chongqing_300MW_sub,TRUE,TRUE,TRUE,FALSE,TRUE,FALSE,TRUE,TRUE,40,TRUE,12,-1,18154.51148,2884,12,Electricity,200,40,0.6,elec_Region22Chongqing,4.422693955,55677.52873,TRUE,TRUE,TRUE,TRUE,TRUE,0,150.3075,0.6,0.5,0.039,TRUE,0.5,coal_Region22Chongqing,Coal,CO2,co2_sink_22,3.206097024,0.346199997,Coal
ThermalPower,Region23Sichuan_300MW_sub,TRUE,TRUE,TRUE,FALSE,TRUE,FALSE,TRUE,TRUE,40,TRUE,12,-1,18154.51148,3565,12,Electricity,200,40,0.6,elec_Region23Sichuan,4.422693955,55677.52873,TRUE,TRUE,TRUE,TRUE,TRUE,0,150.3075,0.6,0.5,0.039,TRUE,0.5,coal_Region23Sichuan,Coal,CO2,co2_sink_23,3.179379549,0.346631997,Coal
ThermalPower,Region24Guizhou_300MW_sub,TRUE,TRUE,TRUE,FALSE,TRUE,FALSE,TRUE,TRUE,40,TRUE,12,-1,18154.51148,10600,12,Electricity,200,40,0.6,elec_Region24Guizhou,4.422693955,55677.52873,TRUE,TRUE,TRUE,TRUE,TRUE,0,150.3075,0.6,0.5,0.039,TRUE,0.5,coal_Region24Guizhou,Coal,CO2,co2_sink_24,3.184610943,0.349726151,Coal
ThermalPower,Region25Yunnan_300MW_sub,TRUE,TRUE,TRUE,FALSE,TRUE,FALSE,TRUE,TRUE,40,TRUE,12,-1,18154.51148,5200,12,Electricity,200,40,0.6,elec_Region25Yunnan,4.422693955,55677.52873,TRUE,TRUE,TRUE,TRUE,TRUE,0,150.3075,0.6,0.5,0.039,TRUE,0.5,coal_Region25Yunnan,Coal,CO2,co2_sink_25,3.202048922,0.351799997,Coal
ThermalPower,Region26Tibet_300MW_sub,TRUE,TRUE,TRUE,FALSE,TRUE,FALSE,TRUE,TRUE,40,TRUE,12,-1,18154.51148,0,12,Electricity,200,40,0.6,elec_Region26Tibet,4.422693955,55677.52873,TRUE,TRUE,TRUE,TRUE,TRUE,0,150.3075,0.6,0.5,0.039,TRUE,0.5,coal_Region26Tibet,Coal,CO2,co2_sink_26,3.294231505,0.345871711,Coal
ThermalPower,Region27Shaanxi_300MW_sub,TRUE,TRUE,TRUE,FALSE,TRUE,FALSE,TRUE,TRUE,40,TRUE,12,-1,18154.51148,7480,12,Electricity,200,40,0.6,elec_Region27Shaanxi,4.422693955,55677.52873,TRUE,TRUE,TRUE,TRUE,TRUE,0,150.3075,0.6,0.5,0.039,TRUE,0.5,coal_Region27Shaanxi,Coal,CO2,co2_sink_27,3.199472857,0.341214543,Coal
ThermalPower,Region28Gansu_300MW_sub,TRUE,TRUE,TRUE,FALSE,TRUE,FALSE,TRUE,TRUE,40,TRUE,12,-1,18154.51148,4420,12,Electricity,200,40,0.6,elec_Region28Gansu,4.422693955,55677.52873,TRUE,TRUE,TRUE,TRUE,TRUE,0,150.3075,0.6,0.5,0.039,TRUE,0.5,coal_Region28Gansu,Coal,CO2,co2_sink_28,3.315395786,0.343098945,Coal
ThermalPower,Region29Qinghai_300MW_sub,TRUE,TRUE,TRUE,FALSE,TRUE,FALSE,TRUE,TRUE,40,TRUE,12,-1,18154.51148,1140,12,Electricity,200,40,0.6,elec_Region29Qinghai,4.422693955,55677.52873,TRUE,TRUE,TRUE,TRUE,TRUE,0,150.3075,0.6,0.5,0.039,TRUE,0.5,coal_Region29Qinghai,Coal,CO2,co2_sink_29,3.230385638,0.344159997,Coal
ThermalPower,Region30Ningxia_300MW_sub,TRUE,TRUE,TRUE,FALSE,TRUE,FALSE,TRUE,TRUE,40,TRUE,12,-1,18154.51148,850,12,Electricity,200,40,0.6,elec_Region30Ningxia,4.422693955,55677.52873,TRUE,TRUE,TRUE,TRUE,TRUE,0,150.3075,0.6,0.5,0.039,TRUE,0.5,coal_Region30Ningxia,Coal,CO2,co2_sink_30,3.424694549,0.345959997,Coal
ThermalPower,Region31Xinjiang_300MW_sub,TRUE,TRUE,TRUE,FALSE,TRUE,FALSE,TRUE,TRUE,40,TRUE,12,-1,18154.51148,10175,12,Electricity,200,40,0.6,elec_Region31Xinjiang,4.422693955,55677.52873,TRUE,TRUE,TRUE,TRUE,TRUE,0,150.3075,0.6,0.5,0.039,TRUE,0.5,coal_Region31Xinjiang,Coal,CO2,co2_sink_31,3.24708406,0.346474283,Coal
ThermalPower,Region1Beijing_300MW_super,TRUE,TRUE,TRUE,FALSE,TRUE,FALSE,TRUE,TRUE,40,TRUE,12,-1,18154.51148,0,12,Electricity,200,40,0.6,elec_Region1Beijing,4.260193955,55677.52873,TRUE,TRUE,TRUE,TRUE,TRUE,0,150.3075,0.6,0.5,0.039,TRUE,0.4,coal_Region1Beijing,Coal,CO2,co2_sink_1,2.957321553,0.343259997,Coal
ThermalPower,Region2Tianjin_300MW_super,TRUE,TRUE,TRUE,FALSE,TRUE,FALSE,TRUE,TRUE,40,TRUE,12,-1,18154.51148,510,12,Electricity,200,40,0.6,elec_Region2Tianjin,4.260193955,55677.52873,TRUE,TRUE,TRUE,TRUE,TRUE,0,150.3075,0.6,0.5,0.039,TRUE,0.4,coal_Region2Tianjin,Coal,CO2,co2_sink_2,2.957321553,0.340559997,Coal
ThermalPower,Region3Hebei_300MW_super,TRUE,TRUE,TRUE,FALSE,TRUE,FALSE,TRUE,TRUE,40,TRUE,12,-1,18154.51148,154,12,Electricity,200,40,0.6,elec_Region3Hebei,4.260193955,55677.52873,TRUE,TRUE,TRUE,TRUE,TRUE,0,150.3075,0.6,0.5,0.039,TRUE,0.4,coal_Region3Hebei,Coal,CO2,co2_sink_3,2.957321553,0.345959997,Coal
ThermalPower,Region4Shanxi_300MW_super,TRUE,TRUE,TRUE,FALSE,TRUE,FALSE,TRUE,TRUE,40,TRUE,12,-1,18154.51148,600,12,Electricity,200,40,0.6,elec_Region4Shanxi,4.260193955,55677.52873,TRUE,TRUE,TRUE,TRUE,TRUE,0,150.3075,0.6,0.5,0.039,TRUE,0.4,coal_Region4Shanxi,Coal,CO2,co2_sink_4,2.71087809,0.340559997,Coal
ThermalPower,Region5Innermongolia_300MW_super,TRUE,TRUE,TRUE,FALSE,TRUE,FALSE,TRUE,TRUE,40,TRUE,12,-1,18154.51148,0,12,Electricity,200,40,0.6,elec_Region5Innermongolia,4.260193955,55677.52873,TRUE,TRUE,TRUE,TRUE,TRUE,0,150.3075,0.6,0.5,0.039,TRUE,0.4,coal_Region5Innermongolia,Coal,CO2,co2_sink_5,2.957321553,0.343259997,Coal
ThermalPower,Region6Liaoning_300MW_super,TRUE,TRUE,TRUE,FALSE,TRUE,FALSE,TRUE,TRUE,40,TRUE,12,-1,18154.51148,200,12,Electricity,200,40,0.6,elec_Region6Liaoning,4.260193955,55677.52873,TRUE,TRUE,TRUE,TRUE,TRUE,0,150.3075,0.6,0.5,0.039,TRUE,0.4,coal_Region6Liaoning,Coal,CO2,co2_sink_6,2.957321553,0.345959997,Coal
ThermalPower,Region7Jilin_300MW_super,TRUE,TRUE,TRUE,FALSE,TRUE,FALSE,TRUE,TRUE,40,TRUE,12,-1,18154.51148,0,12,Electricity,200,40,0.6,elec_Region7Jilin,4.260193955,55677.52873,TRUE,TRUE,TRUE,TRUE,TRUE,0,150.3075,0.6,0.5,0.039,TRUE,0.4,coal_Region7Jilin,Coal,CO2,co2_sink_7,2.957321553,0.343259997,Coal
ThermalPower,Region8Heilongjiang_300MW_super,TRUE,TRUE,TRUE,FALSE,TRUE,FALSE,TRUE,TRUE,40,TRUE,12,-1,18154.51148,0,12,Electricity,200,40,0.6,elec_Region8Heilongjiang,4.260193955,55677.52873,TRUE,TRUE,TRUE,TRUE,TRUE,0,150.3075,0.6,0.5,0.039,TRUE,0.4,coal_Region8Heilongjiang,Coal,CO2,co2_sink_8,2.957321553,0.343259997,Coal
ThermalPower,Region9Shanghai_300MW_super,TRUE,TRUE,TRUE,FALSE,TRUE,FALSE,TRUE,TRUE,40,TRUE,12,-1,18154.51148,0,12,Electricity,200,40,0.6,elec_Region9Shanghai,4.260193955,55677.52873,TRUE,TRUE,TRUE,TRUE,TRUE,0,150.3075,0.6,0.5,0.039,TRUE,0.4,coal_Region9Shanghai,Coal,CO2,co2_sink_9,2.957321553,0.343259997,Coal
ThermalPower,Region10Jiangsu_300MW_super,TRUE,TRUE,TRUE,FALSE,TRUE,FALSE,TRUE,TRUE,40,TRUE,12,-1,18154.51148,0,12,Electricity,200,40,0.6,elec_Region10Jiangsu,4.260193955,55677.52873,TRUE,TRUE,TRUE,TRUE,TRUE,0,150.3075,0.6,0.5,0.039,TRUE,0.4,coal_Region10Jiangsu,Coal,CO2,co2_sink_10,2.957321553,0.343259997,Coal
ThermalPower,Region11Zhejiang_300MW_super,TRUE,TRUE,TRUE,FALSE,TRUE,FALSE,TRUE,TRUE,40,TRUE,12,-1,18154.51148,0,12,Electricity,200,40,0.6,elec_Region11Zhejiang,4.260193955,55677.52873,TRUE,TRUE,TRUE,TRUE,TRUE,0,150.3075,0.6,0.5,0.039,TRUE,0.4,coal_Region11Zhejiang,Coal,CO2,co2_sink_11,2.957321553,0.343259997,Coal
ThermalPower,Region12Anhui_300MW_super,TRUE,TRUE,TRUE,FALSE,TRUE,FALSE,TRUE,TRUE,40,TRUE,12,-1,18154.51148,0,12,Electricity,200,40,0.6,elec_Region12Anhui,4.260193955,55677.52873,TRUE,TRUE,TRUE,TRUE,TRUE,0,150.3075,0.6,0.5,0.039,TRUE,0.4,coal_Region12Anhui,Coal,CO2,co2_sink_12,2.957321553,0.343259997,Coal
ThermalPower,Region13Fujian_300MW_super,TRUE,TRUE,TRUE,FALSE,TRUE,FALSE,TRUE,TRUE,40,TRUE,12,-1,18154.51148,0,12,Electricity,200,40,0.6,elec_Region13Fujian,4.260193955,55677.52873,TRUE,TRUE,TRUE,TRUE,TRUE,0,150.3075,0.6,0.5,0.039,TRUE,0.4,coal_Region13Fujian,Coal,CO2,co2_sink_13,2.957321553,0.343259997,Coal
ThermalPower,Region14Jiangxi_300MW_super,TRUE,TRUE,TRUE,FALSE,TRUE,FALSE,TRUE,TRUE,40,TRUE,12,-1,18154.51148,0,12,Electricity,200,40,0.6,elec_Region14Jiangxi,4.260193955,55677.52873,TRUE,TRUE,TRUE,TRUE,TRUE,0,150.3075,0.6,0.5,0.039,TRUE,0.4,coal_Region14Jiangxi,Coal,CO2,co2_sink_14,2.957321553,0.343259997,Coal
ThermalPower,Region15Shandong_300MW_super,TRUE,TRUE,TRUE,FALSE,TRUE,FALSE,TRUE,TRUE,40,TRUE,12,-1,18154.51148,0,12,Electricity,200,40,0.6,elec_Region15Shandong,4.260193955,55677.52873,TRUE,TRUE,TRUE,TRUE,TRUE,0,150.3075,0.6,0.5,0.039,TRUE,0.4,coal_Region15Shandong,Coal,CO2,co2_sink_15,2.957321553,0.343259997,Coal
ThermalPower,Region16Henan_300MW_super,TRUE,TRUE,TRUE,FALSE,TRUE,FALSE,TRUE,TRUE,40,TRUE,12,-1,18154.51148,270,12,Electricity,200,40,0.6,elec_Region16Henan,4.260193955,55677.52873,TRUE,TRUE,TRUE,TRUE,TRUE,0,150.3075,0.6,0.5,0.039,TRUE,0.4,coal_Region16Henan,Coal,CO2,co2_sink_16,3.203765016,0.340559997,Coal
ThermalPower,Region17Hubei_300MW_super,TRUE,TRUE,TRUE,FALSE,TRUE,FALSE,TRUE,TRUE,40,TRUE,12,-1,18154.51148,50,12,Electricity,200,40,0.6,elec_Region17Hubei,4.260193955,55677.52873,TRUE,TRUE,TRUE,TRUE,TRUE,0,150.3075,0.6,0.5,0.039,TRUE,0.4,coal_Region17Hubei,Coal,CO2,co2_sink_17,3.203765016,0.340559997,Coal
ThermalPower,Region18Hunan_300MW_super,TRUE,TRUE,TRUE,FALSE,TRUE,FALSE,TRUE,TRUE,40,TRUE,12,-1,18154.51148,0,12,Electricity,200,40,0.6,elec_Region18Hunan,4.260193955,55677.52873,TRUE,TRUE,TRUE,TRUE,TRUE,0,150.3075,0.6,0.5,0.039,TRUE,0.4,coal_Region18Hunan,Coal,CO2,co2_sink_18,2.957321553,0.343259997,Coal
ThermalPower,Region19Guangdong_300MW_super,TRUE,TRUE,TRUE,FALSE,TRUE,FALSE,TRUE,TRUE,40,TRUE,12,-1,18154.51148,0,12,Electricity,200,40,0.6,elec_Region19Guangdong,4.260193955,55677.52873,TRUE,TRUE,TRUE,TRUE,TRUE,0,150.3075,0.6,0.5,0.039,TRUE,0.4,coal_Region19Guangdong,Coal,CO2,co2_sink_19,2.957321553,0.343259997,Coal
ThermalPower,Region20Guangxi_300MW_super,TRUE,TRUE,TRUE,FALSE,TRUE,FALSE,TRUE,TRUE,40,TRUE,12,-1,18154.51148,0,12,Electricity,200,40,0.6,elec_Region20Guangxi,4.260193955,55677.52873,TRUE,TRUE,TRUE,TRUE,TRUE,0,150.3075,0.6,0.5,0.039,TRUE,0.4,coal_Region20Guangxi,Coal,CO2,co2_sink_20,2.957321553,0.343259997,Coal
ThermalPower,Region21Hainan_300MW_super,TRUE,TRUE,TRUE,FALSE,TRUE,FALSE,TRUE,TRUE,40,TRUE,12,-1,18154.51148,0,12,Electricity,200,40,0.6,elec_Region21Hainan,4.260193955,55677.52873,TRUE,TRUE,TRUE,TRUE,TRUE,0,150.3075,0.6,0.5,0.039,TRUE,0.4,coal_Region21Hainan,Coal,CO2,co2_sink_21,2.957321553,0.343259997,Coal
ThermalPower,Region22Chongqing_300MW_super,TRUE,TRUE,TRUE,FALSE,TRUE,FALSE,TRUE,TRUE,40,TRUE,12,-1,18154.51148,0,12,Electricity,200,40,0.6,elec_Region22Chongqing,4.260193955,55677.52873,TRUE,TRUE,TRUE,TRUE,TRUE,0,150.3075,0.6,0.5,0.039,TRUE,0.4,coal_Region22Chongqing,Coal,CO2,co2_sink_22,2.957321553,0.343259997,Coal
ThermalPower,Region23Sichuan_300MW_super,TRUE,TRUE,TRUE,FALSE,TRUE,FALSE,TRUE,TRUE,40,TRUE,12,-1,18154.51148,0,12,Electricity,200,40,0.6,elec_Region23Sichuan,4.260193955,55677.52873,TRUE,TRUE,TRUE,TRUE,TRUE,0,150.3075,0.6,0.5,0.039,TRUE,0.4,coal_Region23Sichuan,Coal,CO2,co2_sink_23,2.957321553,0.343259997,Coal
ThermalPower,Region24Guizhou_300MW_super,TRUE,TRUE,TRUE,FALSE,TRUE,FALSE,TRUE,TRUE,40,TRUE,12,-1,18154.51148,0,12,Electricity,200,40,0.6,elec_Region24Guizhou,4.260193955,55677.52873,TRUE,TRUE,TRUE,TRUE,TRUE,0,150.3075,0.6,0.5,0.039,TRUE,0.4,coal_Region24Guizhou,Coal,CO2,co2_sink_24,2.957321553,0.343259997,Coal
ThermalPower,Region25Yunnan_300MW_super,TRUE,TRUE,TRUE,FALSE,TRUE,FALSE,TRUE,TRUE,40,TRUE,12,-1,18154.51148,0,12,Electricity,200,40,0.6,elec_Region25Yunnan,4.260193955,55677.52873,TRUE,TRUE,TRUE,TRUE,TRUE,0,150.3075,0.6,0.5,0.039,TRUE,0.4,coal_Region25Yunnan,Coal,CO2,co2_sink_25,2.957321553,0.343259997,Coal
ThermalPower,Region26Tibet_300MW_super,TRUE,TRUE,TRUE,FALSE,TRUE,FALSE,TRUE,TRUE,40,TRUE,12,-1,18154.51148,0,12,Electricity,200,40,0.6,elec_Region26Tibet,4.260193955,55677.52873,TRUE,TRUE,TRUE,TRUE,TRUE,0,150.3075,0.6,0.5,0.039,TRUE,0.4,coal_Region26Tibet,Coal,CO2,co2_sink_26,2.957321553,0.343259997,Coal
ThermalPower,Region27Shaanxi_300MW_super,TRUE,TRUE,TRUE,FALSE,TRUE,FALSE,TRUE,TRUE,40,TRUE,12,-1,18154.51148,0,12,Electricity,200,40,0.6,elec_Region27Shaanxi,4.260193955,55677.52873,TRUE,TRUE,TRUE,TRUE,TRUE,0,150.3075,0.6,0.5,0.039,TRUE,0.4,coal_Region27Shaanxi,Coal,CO2,co2_sink_27,2.957321553,0.343259997,Coal
ThermalPower,Region28Gansu_300MW_super,TRUE,TRUE,TRUE,FALSE,TRUE,FALSE,TRUE,TRUE,40,TRUE,12,-1,18154.51148,600,12,Electricity,200,40,0.6,elec_Region28Gansu,4.260193955,55677.52873,TRUE,TRUE,TRUE,TRUE,TRUE,0,150.3075,0.6,0.5,0.039,TRUE,0.4,coal_Region28Gansu,Coal,CO2,co2_sink_28,2.71087809,0.345959997,Coal
ThermalPower,Region29Qinghai_300MW_super,TRUE,TRUE,TRUE,FALSE,TRUE,FALSE,TRUE,TRUE,40,TRUE,12,-1,18154.51148,0,12,Electricity,200,40,0.6,elec_Region29Qinghai,4.260193955,55677.52873,TRUE,TRUE,TRUE,TRUE,TRUE,0,150.3075,0.6,0.5,0.039,TRUE,0.4,coal_Region29Qinghai,Coal,CO2,co2_sink_29,2.957321553,0.343259997,Coal
ThermalPower,Region30Ningxia_300MW_super,TRUE,TRUE,TRUE,FALSE,TRUE,FALSE,TRUE,TRUE,40,TRUE,12,-1,18154.51148,0,12,Electricity,200,40,0.6,elec_Region30Ningxia,4.260193955,55677.52873,TRUE,TRUE,TRUE,TRUE,TRUE,0,150.3075,0.6,0.5,0.039,TRUE,0.4,coal_Region30Ningxia,Coal,CO2,co2_sink_30,2.957321553,0.343259997,Coal
ThermalPower,Region31Xinjiang_300MW_super,TRUE,TRUE,TRUE,FALSE,TRUE,FALSE,TRUE,TRUE,40,TRUE,12,-1,18154.51148,300,12,Electricity,200,40,0.6,elec_Region31Xinjiang,4.260193955,55677.52873,TRUE,TRUE,TRUE,TRUE,TRUE,0,150.3075,0.6,0.5,0.039,TRUE,0.4,coal_Region31Xinjiang,Coal,CO2,co2_sink_31,2.957321553,0.345959997,Coal
ThermalPower,Region1Beijing_600MW_sub,TRUE,TRUE,TRUE,FALSE,TRUE,FALSE,TRUE,TRUE,40,TRUE,12,-1,18154.51148,0,12,Electricity,200,40,0.6,elec_Region1Beijing,4.310193955,55677.52873,TRUE,TRUE,TRUE,TRUE,TRUE,0,150.3075,0.6,0.5,0.039,TRUE,0.45,coal_Region1Beijing,Coal,CO2,co2_sink_1,3.118240169,0.3455801,Coal
ThermalPower,Region2Tianjin_600MW_sub,TRUE,TRUE,TRUE,FALSE,TRUE,FALSE,TRUE,TRUE,40,TRUE,12,-1,18154.51148,3374,12,Electricity,200,40,0.6,elec_Region2Tianjin,4.310193955,55677.52873,TRUE,TRUE,TRUE,TRUE,TRUE,0,150.3075,0.6,0.5,0.039,TRUE,0.45,coal_Region2Tianjin,Coal,CO2,co2_sink_2,3.187880564,0.340559997,Coal
ThermalPower,Region3Hebei_600MW_sub,TRUE,TRUE,TRUE,FALSE,TRUE,FALSE,TRUE,TRUE,40,TRUE,12,-1,18154.51148,14410,12,Electricity,200,40,0.6,elec_Region3Hebei,4.310193955,55677.52873,TRUE,TRUE,TRUE,TRUE,TRUE,0,150.3075,0.6,0.5,0.039,TRUE,0.45,coal_Region3Hebei,Coal,CO2,co2_sink_3,3.118953417,0.343459457,Coal
ThermalPower,Region4Shanxi_600MW_sub,TRUE,TRUE,TRUE,FALSE,TRUE,FALSE,TRUE,TRUE,40,TRUE,12,-1,18154.51148,19640,12,Electricity,200,40,0.6,elec_Region4Shanxi,4.310193955,55677.52873,TRUE,TRUE,TRUE,TRUE,TRUE,0,150.3075,0.6,0.5,0.039,TRUE,0.45,coal_Region4Shanxi,Coal,CO2,co2_sink_4,3.042976902,0.345665452,Coal
ThermalPower,Region5Innermongolia_600MW_sub,TRUE,TRUE,TRUE,FALSE,TRUE,FALSE,TRUE,TRUE,40,TRUE,12,-1,18154.51148,34950,12,Electricity,200,40,0.6,elec_Region5Innermongolia,4.310193955,55677.52873,TRUE,TRUE,TRUE,TRUE,TRUE,0,150.3075,0.6,0.5,0.039,TRUE,0.45,coal_Region5Innermongolia,Coal,CO2,co2_sink_5,2.954889787,0.348519997,Coal
ThermalPower,Region6Liaoning_600MW_sub,TRUE,TRUE,TRUE,FALSE,TRUE,FALSE,TRUE,TRUE,40,TRUE,12,-1,18154.51148,5560,12,Electricity,200,40,0.6,elec_Region6Liaoning,4.310193955,55677.52873,TRUE,TRUE,TRUE,TRUE,TRUE,0,150.3075,0.6,0.5,0.039,TRUE,0.45,coal_Region6Liaoning,Coal,CO2,co2_sink_6,3.140062355,0.341909997,Coal
ThermalPower,Region7Jilin_600MW_sub,TRUE,TRUE,TRUE,FALSE,TRUE,FALSE,TRUE,TRUE,40,TRUE,12,-1,18154.51148,4080,12,Electricity,200,40,0.6,elec_Region7Jilin,4.310193955,55677.52873,TRUE,TRUE,TRUE,TRUE,TRUE,0,150.3075,0.6,0.5,0.039,TRUE,0.45,coal_Region7Jilin,Coal,CO2,co2_sink_7,3.156001758,0.359759997,Coal
ThermalPower,Region8Heilongjiang_600MW_sub,TRUE,TRUE,TRUE,FALSE,TRUE,FALSE,TRUE,TRUE,40,TRUE,12,-1,18154.51148,3780,12,Electricity,200,40,0.6,elec_Region8Heilongjiang,4.310193955,55677.52873,TRUE,TRUE,TRUE,TRUE,TRUE,0,150.3075,0.6,0.5,0.039,TRUE,0.45,coal_Region8Heilongjiang,Coal,CO2,co2_sink_8,3.028486536,0.340559997,Coal
ThermalPower,Region9Shanghai_600MW_sub,TRUE,TRUE,TRUE,FALSE,TRUE,FALSE,TRUE,TRUE,40,TRUE,12,-1,18154.51148,4180,12,Electricity,200,40,0.6,elec_Region9Shanghai,4.310193955,55677.52873,TRUE,TRUE,TRUE,TRUE,TRUE,0,150.3075,0.6,0.5,0.039,TRUE,0.45,coal_Region9Shanghai,Coal,CO2,co2_sink_9,3.315395786,0.346843634,Coal
ThermalPower,Region10Jiangsu_600MW_sub,TRUE,TRUE,TRUE,FALSE,TRUE,FALSE,TRUE,TRUE,40,TRUE,12,-1,18154.51148,13690,12,Electricity,200,40,0.6,elec_Region10Jiangsu,4.310193955,55677.52873,TRUE,TRUE,TRUE,TRUE,TRUE,0,150.3075,0.6,0.5,0.039,TRUE,0.45,coal_Region10Jiangsu,Coal,CO2,co2_sink_10,3.222091965,0.341736583,Coal
ThermalPower,Region11Zhejiang_600MW_sub,TRUE,TRUE,TRUE,FALSE,TRUE,FALSE,TRUE,TRUE,40,TRUE,12,-1,18154.51148,8790,12,Electricity,200,40,0.6,elec_Region11Zhejiang,4.310193955,55677.52873,TRUE,TRUE,TRUE,TRUE,TRUE,0,150.3075,0.6,0.5,0.039,TRUE,0.45,coal_Region11Zhejiang,Coal,CO2,co2_sink_11,3.028486536,0.340559997,Coal
ThermalPower,Region12Anhui_600MW_sub,TRUE,TRUE,TRUE,FALSE,TRUE,FALSE,TRUE,TRUE,40,TRUE,12,-1,18154.51148,6900,12,Electricity,200,40,0.6,elec_Region12Anhui,4.310193955,55677.52873,TRUE,TRUE,TRUE,TRUE,TRUE,0,150.3075,0.6,0.5,0.039,TRUE,0.45,coal_Region12Anhui,Coal,CO2,co2_sink_12,3.157519797,0.341074283,Coal
ThermalPower,Region13Fujian_600MW_sub,TRUE,TRUE,TRUE,FALSE,TRUE,FALSE,TRUE,TRUE,40,TRUE,12,-1,18154.51148,1486,12,Electricity,200,40,0.6,elec_Region13Fujian,4.310193955,55677.52873,TRUE,TRUE,TRUE,TRUE,TRUE,0,150.3075,0.6,0.5,0.039,TRUE,0.45,coal_Region13Fujian,Coal,CO2,co2_sink_13,3.315395786,0.340559997,Coal
ThermalPower,Region14Jiangxi_600MW_sub,TRUE,TRUE,TRUE,FALSE,TRUE,FALSE,TRUE,TRUE,40,TRUE,12,-1,18154.51148,2390,12,Electricity,200,40,0.6,elec_Region14Jiangxi,4.310193955,55677.52873,TRUE,TRUE,TRUE,TRUE,TRUE,0,150.3075,0.6,0.5,0.039,TRUE,0.45,coal_Region14Jiangxi,Coal,CO2,co2_sink_14,3.278962866,0.342102854,Coal
ThermalPower,Region15Shandong_600MW_sub,TRUE,TRUE,TRUE,FALSE,TRUE,FALSE,TRUE,TRUE,40,TRUE,12,-1,18154.51148,32325,12,Electricity,200,40,0.6,elec_Region15Shandong,4.310193955,55677.52873,TRUE,TRUE,TRUE,TRUE,TRUE,0,150.3075,0.6,0.5,0.039,TRUE,0.45,coal_Region15Shandong,Coal,CO2,co2_sink_15,3.090915863,0.344954997,Coal
ThermalPower,Region16Henan_600MW_sub,TRUE,TRUE,TRUE,FALSE,TRUE,FALSE,TRUE,TRUE,40,TRUE,12,-1,18154.51148,10170,12,Electricity,200,40,0.6,elec_Region16Henan,4.310193955,55677.52873,TRUE,TRUE,TRUE,TRUE,TRUE,0,150.3075,0.6,0.5,0.039,TRUE,0.45,coal_Region16Henan,Coal,CO2,co2_sink_16,3.175540381,0.345739352,Coal
ThermalPower,Region17Hubei_600MW_sub,TRUE,TRUE,TRUE,FALSE,TRUE,FALSE,TRUE,TRUE,40,TRUE,12,-1,18154.51148,8620,12,Electricity,200,40,0.6,elec_Region17Hubei,4.310193955,55677.52873,TRUE,TRUE,TRUE,TRUE,TRUE,0,150.3075,0.6,0.5,0.039,TRUE,0.45,coal_Region17Hubei,Coal,CO2,co2_sink_17,3.26635147,0.348064613,Coal
ThermalPower,Region18Hunan_600MW_sub,TRUE,TRUE,TRUE,FALSE,TRUE,FALSE,TRUE,TRUE,40,TRUE,12,-1,18154.51148,2695,12,Electricity,200,40,0.6,elec_Region18Hunan,4.310193955,55677.52873,TRUE,TRUE,TRUE,TRUE,TRUE,0,150.3075,0.6,0.5,0.039,TRUE,0.45,coal_Region18Hunan,Coal,CO2,co2_sink_18,3.347274592,0.353879997,Coal
ThermalPower,Region19Guangdong_600MW_sub,TRUE,TRUE,TRUE,FALSE,TRUE,FALSE,TRUE,TRUE,40,TRUE,12,-1,18154.51148,13170,12,Electricity,200,40,0.6,elec_Region19Guangdong,4.310193955,55677.52873,TRUE,TRUE,TRUE,TRUE,TRUE,0,150.3075,0.6,0.5,0.039,TRUE,0.45,coal_Region19Guangdong,Coal,CO2,co2_sink_19,3.118658015,0.343460569,Coal
ThermalPower,Region20Guangxi_600MW_sub,TRUE,TRUE,TRUE,FALSE,TRUE,FALSE,TRUE,TRUE,40,TRUE,12,-1,18154.51148,2020,12,Electricity,200,40,0.6,elec_Region20Guangxi,4.310193955,55677.52873,TRUE,TRUE,TRUE,TRUE,TRUE,0,150.3075,0.6,0.5,0.039,TRUE,0.45,coal_Region20Guangxi,Coal,CO2,co2_sink_20,3.272890712,0.349439997,Coal
ThermalPower,Region21Hainan_600MW_sub,TRUE,TRUE,TRUE,FALSE,TRUE,FALSE,TRUE,TRUE,40,TRUE,12,-1,18154.51148,660,12,Electricity,200,40,0.6,elec_Region21Hainan,4.310193955,55677.52873,TRUE,TRUE,TRUE,TRUE,TRUE,0,150.3075,0.6,0.5,0.039,TRUE,0.45,coal_Region21Hainan,Coal,CO2,co2_sink_21,3.060365341,0.340559997,Coal
ThermalPower,Region22Chongqing_600MW_sub,TRUE,TRUE,TRUE,FALSE,TRUE,FALSE,TRUE,TRUE,40,TRUE,12,-1,18154.51148,3300,12,Electricity,200,40,0.6,elec_Region22Chongqing,4.310193955,55677.52873,TRUE,TRUE,TRUE,TRUE,TRUE,0,150.3075,0.6,0.5,0.039,TRUE,0.45,coal_Region22Chongqing,Coal,CO2,co2_sink_22,3.156001758,0.350549997,Coal
ThermalPower,Region23Sichuan_600MW_sub,TRUE,TRUE,TRUE,FALSE,TRUE,FALSE,TRUE,TRUE,40,TRUE,12,-1,18154.51148,2190,12,Electricity,200,40,0.6,elec_Region23Sichuan,4.310193955,55677.52873,TRUE,TRUE,TRUE,TRUE,TRUE,0,150.3075,0.6,0.5,0.039,TRUE,0.45,coal_Region23Sichuan,Coal,CO2,co2_sink_23,3.060365341,0.351215997,Coal
ThermalPower,Region24Guizhou_600MW_sub,TRUE,TRUE,TRUE,FALSE,TRUE,FALSE,TRUE,TRUE,40,TRUE,12,-1,18154.51148,6000,12,Electricity,200,40,0.6,elec_Region24Guizhou,4.310193955,55677.52873,TRUE,TRUE,TRUE,TRUE,TRUE,0,150.3075,0.6,0.5,0.039,TRUE,0.45,coal_Region24Guizhou,Coal,CO2,co2_sink_24,2.805334896,0.345383997,Coal
ThermalPower,Region25Yunnan_600MW_sub,TRUE,TRUE,TRUE,FALSE,TRUE,FALSE,TRUE,TRUE,40,TRUE,12,-1,18154.51148,3600,12,Electricity,200,40,0.6,elec_Region25Yunnan,4.310193955,55677.52873,TRUE,TRUE,TRUE,TRUE,TRUE,0,150.3075,0.6,0.5,0.039,TRUE,0.45,coal_Region25Yunnan,Coal,CO2,co2_sink_25,2.805334896,0.353879997,Coal
ThermalPower,Region26Tibet_600MW_sub,TRUE,TRUE,TRUE,FALSE,TRUE,FALSE,TRUE,TRUE,40,TRUE,12,-1,18154.51148,0,12,Electricity,200,40,0.6,elec_Region26Tibet,4.310193955,55677.52873,TRUE,TRUE,TRUE,TRUE,TRUE,0,150.3075,0.6,0.5,0.039,TRUE,0.45,coal_Region26Tibet,Coal,CO2,co2_sink_26,3.118240169,0.3455801,Coal
ThermalPower,Region27Shaanxi_600MW_sub,TRUE,TRUE,TRUE,FALSE,TRUE,FALSE,TRUE,TRUE,40,TRUE,12,-1,18154.51148,11550,12,Electricity,200,40,0.6,elec_Region27Shaanxi,4.310193955,55677.52873,TRUE,TRUE,TRUE,TRUE,TRUE,0,150.3075,0.6,0.5,0.039,TRUE,0.45,coal_Region27Shaanxi,Coal,CO2,co2_sink_27,2.968554381,0.344635197,Coal
ThermalPower,Region28Gansu_600MW_sub,TRUE,TRUE,TRUE,FALSE,TRUE,FALSE,TRUE,TRUE,40,TRUE,12,-1,18154.51148,6570,12,Electricity,200,40,0.6,elec_Region28Gansu,4.310193955,55677.52873,TRUE,TRUE,TRUE,TRUE,TRUE,0,150.3075,0.6,0.5,0.039,TRUE,0.45,coal_Region28Gansu,Coal,CO2,co2_sink_28,3.136874475,0.342719997,Coal
ThermalPower,Region29Qinghai_600MW_sub,TRUE,TRUE,TRUE,FALSE,TRUE,FALSE,TRUE,TRUE,40,TRUE,12,-1,18154.51148,0,12,Electricity,200,40,0.6,elec_Region29Qinghai,4.310193955,55677.52873,TRUE,TRUE,TRUE,TRUE,TRUE,0,150.3075,0.6,0.5,0.039,TRUE,0.45,coal_Region29Qinghai,Coal,CO2,co2_sink_29,3.118240169,0.3455801,Coal
ThermalPower,Region30Ningxia_600MW_sub,TRUE,TRUE,TRUE,FALSE,TRUE,FALSE,TRUE,TRUE,40,TRUE,12,-1,18154.51148,10360,12,Electricity,200,40,0.6,elec_Region30Ningxia,4.310193955,55677.52873,TRUE,TRUE,TRUE,TRUE,TRUE,0,150.3075,0.6,0.5,0.039,TRUE,0.45,coal_Region30Ningxia,Coal,CO2,co2_sink_30,3.105906492,0.343054283,Coal
ThermalPower,Region31Xinjiang_600MW_sub,TRUE,TRUE,TRUE,FALSE,TRUE,FALSE,TRUE,TRUE,40,TRUE,12,-1,18154.51148,12900,12,Electricity,200,40,0.6,elec_Region31Xinjiang,4.310193955,55677.52873,TRUE,TRUE,TRUE,TRUE,TRUE,0,150.3075,0.6,0.5,0.039,TRUE,0.45,coal_Region31Xinjiang,Coal,CO2,co2_sink_31,2.993252066,0.345391576,Coal
ThermalPower,Region1Beijing_600MW_super,TRUE,TRUE,TRUE,FALSE,TRUE,FALSE,TRUE,TRUE,40,TRUE,12,-1,18154.51148,0,12,Electricity,200,40,0.6,elec_Region1Beijing,4.147693955,55677.52873,TRUE,TRUE,TRUE,TRUE,TRUE,0,150.3075,0.6,0.5,0.039,TRUE,0.35,coal_Region1Beijing,Coal,CO2,co2_sink_1,2.781033765,0.345741994,Coal
ThermalPower,Region2Tianjin_600MW_super,TRUE,TRUE,TRUE,FALSE,TRUE,FALSE,TRUE,TRUE,40,TRUE,12,-1,18154.51148,3310,12,Electricity,200,40,0.6,elec_Region2Tianjin,4.147693955,55677.52873,TRUE,TRUE,TRUE,TRUE,TRUE,0,150.3075,0.6,0.5,0.039,TRUE,0.35,coal_Region2Tianjin,Coal,CO2,co2_sink_2,2.869306031,0.342102854,Coal
ThermalPower,Region3Hebei_600MW_super,TRUE,TRUE,TRUE,FALSE,TRUE,FALSE,TRUE,TRUE,40,TRUE,12,-1,18154.51148,12900,12,Electricity,200,40,0.6,elec_Region3Hebei,4.147693955,55677.52873,TRUE,TRUE,TRUE,TRUE,TRUE,0,150.3075,0.6,0.5,0.039,TRUE,0.35,coal_Region3Hebei,Coal,CO2,co2_sink_3,2.739871439,0.345250585,Coal
ThermalPower,Region4Shanxi_600MW_super,TRUE,TRUE,TRUE,FALSE,TRUE,FALSE,TRUE,TRUE,40,TRUE,12,-1,18154.51148,17900,12,Electricity,200,40,0.6,elec_Region4Shanxi,4.147693955,55677.52873,TRUE,TRUE,TRUE,TRUE,TRUE,0,150.3075,0.6,0.5,0.039,TRUE,0.35,coal_Region4Shanxi,Coal,CO2,co2_sink_4,2.71087809,0.341901815,Coal
ThermalPower,Region5Innermongolia_600MW_super,TRUE,TRUE,TRUE,FALSE,TRUE,FALSE,TRUE,TRUE,40,TRUE,12,-1,18154.51148,15400,12,Electricity,200,40,0.6,elec_Region5Innermongolia,4.147693955,55677.52873,TRUE,TRUE,TRUE,TRUE,TRUE,0,150.3075,0.6,0.5,0.039,TRUE,0.35,coal_Region5Innermongolia,Coal,CO2,co2_sink_5,2.738260697,0.350639997,Coal
ThermalPower,Region6Liaoning_600MW_super,TRUE,TRUE,TRUE,FALSE,TRUE,FALSE,TRUE,TRUE,40,TRUE,12,-1,18154.51148,10340,12,Electricity,200,40,0.6,elec_Region6Liaoning,4.147693955,55677.52873,TRUE,TRUE,TRUE,TRUE,TRUE,0,150.3075,0.6,0.5,0.039,TRUE,0.35,coal_Region6Liaoning,Coal,CO2,co2_sink_6,2.793025911,0.347549997,Coal
ThermalPower,Region7Jilin_600MW_super,TRUE,TRUE,TRUE,FALSE,TRUE,FALSE,TRUE,TRUE,40,TRUE,12,-1,18154.51148,2100,12,Electricity,200,40,0.6,elec_Region7Jilin,4.147693955,55677.52873,TRUE,TRUE,TRUE,TRUE,TRUE,0,150.3075,0.6,0.5,0.039,TRUE,0.35,coal_Region7Jilin,Coal,CO2,co2_sink_7,2.875173732,0.350039997,Coal
ThermalPower,Region8Heilongjiang_600MW_super,TRUE,TRUE,TRUE,FALSE,TRUE,FALSE,TRUE,TRUE,40,TRUE,12,-1,18154.51148,6150,12,Electricity,200,40,0.6,elec_Region8Heilongjiang,4.147693955,55677.52873,TRUE,TRUE,TRUE,TRUE,TRUE,0,150.3075,0.6,0.5,0.039,TRUE,0.35,coal_Region8Heilongjiang,Coal,CO2,co2_sink_8,2.746084299,0.349842854,Coal
ThermalPower,Region9Shanghai_600MW_super,TRUE,TRUE,TRUE,FALSE,TRUE,FALSE,TRUE,TRUE,40,TRUE,12,-1,18154.51148,1200,12,Electricity,200,40,0.6,elec_Region9Shanghai,4.147693955,55677.52873,TRUE,TRUE,TRUE,TRUE,TRUE,0,150.3075,0.6,0.5,0.039,TRUE,0.35,coal_Region9Shanghai,Coal,CO2,co2_sink_9,3.080543285,0.340559997,Coal
ThermalPower,Region10Jiangsu_600MW_super,TRUE,TRUE,TRUE,FALSE,TRUE,FALSE,TRUE,TRUE,40,TRUE,12,-1,18154.51148,4790,12,Electricity,200,40,0.6,elec_Region10Jiangsu,4.147693955,55677.52873,TRUE,TRUE,TRUE,TRUE,TRUE,0,150.3075,0.6,0.5,0.039,TRUE,0.35,coal_Region10Jiangsu,Coal,CO2,co2_sink_10,2.822897846,0.344454543,Coal
ThermalPower,Region11Zhejiang_600MW_super,TRUE,TRUE,TRUE,FALSE,TRUE,FALSE,TRUE,TRUE,40,TRUE,12,-1,18154.51148,3950,12,Electricity,200,40,0.6,elec_Region11Zhejiang,4.147693955,55677.52873,TRUE,TRUE,TRUE,TRUE,TRUE,0,150.3075,0.6,0.5,0.039,TRUE,0.35,coal_Region11Zhejiang,Coal,CO2,co2_sink_11,2.746084299,0.340559997,Coal
ThermalPower,Region12Anhui_600MW_super,TRUE,TRUE,TRUE,FALSE,TRUE,FALSE,TRUE,TRUE,40,TRUE,12,-1,18154.51148,4300,12,Electricity,200,40,0.6,elec_Region12Anhui,4.147693955,55677.52873,TRUE,TRUE,TRUE,TRUE,TRUE,0,150.3075,0.6,0.5,0.039,TRUE,0.35,coal_Region12Anhui,Coal,CO2,co2_sink_12,2.772488956,0.341909997,Coal
ThermalPower,Region13Fujian_600MW_super,TRUE,TRUE,TRUE,FALSE,TRUE,FALSE,TRUE,TRUE,40,TRUE,12,-1,18154.51148,10200,12,Electricity,200,40,0.6,elec_Region13Fujian,4.147693955,55677.52873,TRUE,TRUE,TRUE,TRUE,TRUE,0,150.3075,0.6,0.5,0.039,TRUE,0.35,coal_Region13Fujian,Coal,CO2,co2_sink_13,2.797858136,0.340559997,Coal
ThermalPower,Region14Jiangxi_600MW_super,TRUE,TRUE,TRUE,FALSE,TRUE,FALSE,TRUE,TRUE,40,TRUE,12,-1,18154.51148,700,12,Electricity,200,40,0.6,elec_Region14Jiangxi,4.147693955,55677.52873,TRUE,TRUE,TRUE,TRUE,TRUE,0,150.3075,0.6,0.5,0.039,TRUE,0.35,coal_Region14Jiangxi,Coal,CO2,co2_sink_14,2.957321553,0.353879997,Coal
ThermalPower,Region15Shandong_600MW_super,TRUE,TRUE,TRUE,FALSE,TRUE,FALSE,TRUE,TRUE,40,TRUE,12,-1,18154.51148,10540,12,Electricity,200,40,0.6,elec_Region15Shandong,4.147693955,55677.52873,TRUE,TRUE,TRUE,TRUE,TRUE,0,150.3075,0.6,0.5,0.039,TRUE,0.35,coal_Region15Shandong,Coal,CO2,co2_sink_15,2.784811129,0.344687997,Coal
ThermalPower,Region16Henan_600MW_super,TRUE,TRUE,TRUE,FALSE,TRUE,FALSE,TRUE,TRUE,40,TRUE,12,-1,18154.51148,12000,12,Electricity,200,40,0.6,elec_Region16Henan,4.147693955,55677.52873,TRUE,TRUE,TRUE,TRUE,TRUE,0,150.3075,0.6,0.5,0.039,TRUE,0.35,coal_Region16Henan,Coal,CO2,co2_sink_16,2.750309044,0.342287997,Coal
ThermalPower,Region17Hubei_600MW_super,TRUE,TRUE,TRUE,FALSE,TRUE,FALSE,TRUE,TRUE,40,TRUE,12,-1,18154.51148,3500,12,Electricity,200,40,0.6,elec_Region17Hubei,4.147693955,55677.52873,TRUE,TRUE,TRUE,TRUE,TRUE,0,150.3075,0.6,0.5,0.039,TRUE,0.35,coal_Region17Hubei,Coal,CO2,co2_sink_17,2.809455475,0.345419997,Coal
ThermalPower,Region18Hunan_600MW_super,TRUE,TRUE,TRUE,FALSE,TRUE,FALSE,TRUE,TRUE,40,TRUE,12,-1,18154.51148,2400,12,Electricity,200,40,0.6,elec_Region18Hunan,4.147693955,55677.52873,TRUE,TRUE,TRUE,TRUE,TRUE,0,150.3075,0.6,0.5,0.039,TRUE,0.35,coal_Region18Hunan,Coal,CO2,co2_sink_18,2.71087809,0.347219997,Coal
ThermalPower,Region19Guangdong_600MW_super,TRUE,TRUE,TRUE,FALSE,TRUE,FALSE,TRUE,TRUE,40,TRUE,12,-1,18154.51148,8000,12,Electricity,200,40,0.6,elec_Region19Guangdong,4.147693955,55677.52873,TRUE,TRUE,TRUE,TRUE,TRUE,0,150.3075,0.6,0.5,0.039,TRUE,0.35,coal_Region19Guangdong,Coal,CO2,co2_sink_19,2.727307655,0.343079997,Coal
ThermalPower,Region20Guangxi_600MW_super,TRUE,TRUE,TRUE,FALSE,TRUE,FALSE,TRUE,TRUE,40,TRUE,12,-1,18154.51148,5410,12,Electricity,200,40,0.6,elec_Region20Guangxi,4.147693955,55677.52873,TRUE,TRUE,TRUE,TRUE,TRUE,0,150.3075,0.6,0.5,0.039,TRUE,0.35,coal_Region20Guangxi,Coal,CO2,co2_sink_20,2.728481195,0.345959997,Coal
ThermalPower,Region21Hainan_600MW_super,TRUE,TRUE,TRUE,FALSE,TRUE,FALSE,TRUE,TRUE,40,TRUE,12,-1,18154.51148,2100,12,Electricity,200,40,0.6,elec_Region21Hainan,4.147693955,55677.52873,TRUE,TRUE,TRUE,TRUE,TRUE,0,150.3075,0.6,0.5,0.039,TRUE,0.35,coal_Region21Hainan,Coal,CO2,co2_sink_21,2.875173732,0.345959997,Coal
ThermalPower,Region22Chongqing_600MW_super,TRUE,TRUE,TRUE,FALSE,TRUE,FALSE,TRUE,TRUE,40,TRUE,12,-1,18154.51148,2250,12,Electricity,200,40,0.6,elec_Region22Chongqing,4.147693955,55677.52873,TRUE,TRUE,TRUE,TRUE,TRUE,0,150.3075,0.6,0.5,0.039,TRUE,0.35,coal_Region22Chongqing,Coal,CO2,co2_sink_22,2.71087809,0.343799997,Coal
ThermalPower,Region23Sichuan_600MW_super,TRUE,TRUE,TRUE,FALSE,TRUE,FALSE,TRUE,TRUE,40,TRUE,12,-1,18154.51148,5400,12,Electricity,200,40,0.6,elec_Region23Sichuan,4.147693955,55677.52873,TRUE,TRUE,TRUE,TRUE,TRUE,0,150.3075,0.6,0.5,0.039,TRUE,0.35,coal_Region23Sichuan,Coal,CO2,co2_sink_23,2.71087809,0.347959997,Coal
ThermalPower,Region24Guizhou_600MW_super,TRUE,TRUE,TRUE,FALSE,TRUE,FALSE,TRUE,TRUE,40,TRUE,12,-1,18154.51148,6900,12,Electricity,200,40,0.6,elec_Region24Guizhou,4.147693955,55677.52873,TRUE,TRUE,TRUE,TRUE,TRUE,0,150.3075,0.6,0.5,0.039,TRUE,0.35,coal_Region24Guizhou,Coal,CO2,co2_sink_24,2.71087809,0.348582854,Coal
ThermalPower,Region25Yunnan_600MW_super,TRUE,TRUE,TRUE,FALSE,TRUE,FALSE,TRUE,TRUE,40,TRUE,12,-1,18154.51148,2400,12,Electricity,200,40,0.6,elec_Region25Yunnan,4.147693955,55677.52873,TRUE,TRUE,TRUE,TRUE,TRUE,0,150.3075,0.6,0.5,0.039,TRUE,0.35,coal_Region25Yunnan,Coal,CO2,co2_sink_25,2.71087809,0.353879997,Coal
ThermalPower,Region26Tibet_600MW_super,TRUE,TRUE,TRUE,FALSE,TRUE,FALSE,TRUE,TRUE,40,TRUE,12,-1,18154.51148,0,12,Electricity,200,40,0.6,elec_Region26Tibet,4.147693955,55677.52873,TRUE,TRUE,TRUE,TRUE,TRUE,0,150.3075,0.6,0.5,0.039,TRUE,0.35,coal_Region26Tibet,Coal,CO2,co2_sink_26,2.781033765,0.345741994,Coal
ThermalPower,Region27Shaanxi_600MW_super,TRUE,TRUE,TRUE,FALSE,TRUE,FALSE,TRUE,TRUE,40,TRUE,12,-1,18154.51148,8700,12,Electricity,200,40,0.6,elec_Region27Shaanxi,4.147693955,55677.52873,TRUE,TRUE,TRUE,TRUE,TRUE,0,150.3075,0.6,0.5,0.039,TRUE,0.35,coal_Region27Shaanxi,Coal,CO2,co2_sink_27,2.71087809,0.345698179,Coal
ThermalPower,Region28Gansu_600MW_super,TRUE,TRUE,TRUE,FALSE,TRUE,FALSE,TRUE,TRUE,40,TRUE,12,-1,18154.51148,5400,12,Electricity,200,40,0.6,elec_Region28Gansu,4.147693955,55677.52873,TRUE,TRUE,TRUE,TRUE,TRUE,0,150.3075,0.6,0.5,0.039,TRUE,0.35,coal_Region28Gansu,Coal,CO2,co2_sink_28,2.781290508,0.345188569,Coal
ThermalPower,Region29Qinghai_600MW_super,TRUE,TRUE,TRUE,FALSE,TRUE,FALSE,TRUE,TRUE,40,TRUE,12,-1,18154.51148,700,12,Electricity,200,40,0.6,elec_Region29Qinghai,4.147693955,55677.52873,TRUE,TRUE,TRUE,TRUE,TRUE,0,150.3075,0.6,0.5,0.039,TRUE,0.35,coal_Region29Qinghai,Coal,CO2,co2_sink_29,2.71087809,0.345959997,Coal
ThermalPower,Region30Ningxia_600MW_super,TRUE,TRUE,TRUE,FALSE,TRUE,FALSE,TRUE,TRUE,40,TRUE,12,-1,18154.51148,5050,12,Electricity,200,40,0.6,elec_Region30Ningxia,4.147693955,55677.52873,TRUE,TRUE,TRUE,TRUE,TRUE,0,150.3075,0.6,0.5,0.039,TRUE,0.35,coal_Region30Ningxia,Coal,CO2,co2_sink_30,2.748792469,0.345959997,Coal
ThermalPower,Region31Xinjiang_600MW_super,TRUE,TRUE,TRUE,FALSE,TRUE,FALSE,TRUE,TRUE,40,TRUE,12,-1,18154.51148,19370,12,Electricity,200,40,0.6,elec_Region31Xinjiang,4.147693955,55677.52873,TRUE,TRUE,TRUE,TRUE,TRUE,0,150.3075,0.6,0.5,0.039,TRUE,0.35,coal_Region31Xinjiang,Coal,CO2,co2_sink_31,2.818417056,0.345619634,Coal
ThermalPower,Region1Beijing_600MW_ultra,TRUE,TRUE,TRUE,FALSE,TRUE,FALSE,TRUE,TRUE,40,TRUE,12,-1,18154.51148,0,12,Electricity,200,40,0.6,elec_Region1Beijing,3.992172167,48953.78551,TRUE,TRUE,TRUE,TRUE,TRUE,0,150.3075,0.6,0.5,0.039,TRUE,0.3,coal_Region1Beijing,Coal,CO2,co2_sink_1,2.586912935,0.346907997,Coal
ThermalPower,Region2Tianjin_600MW_ultra,TRUE,TRUE,TRUE,FALSE,TRUE,FALSE,TRUE,TRUE,40,TRUE,12,-1,18154.51148,0,12,Electricity,200,40,0.6,elec_Region2Tianjin,3.992172167,48953.78551,TRUE,TRUE,TRUE,TRUE,TRUE,0,150.3075,0.6,0.5,0.039,TRUE,0.3,coal_Region2Tianjin,Coal,CO2,co2_sink_2,2.586912935,0.346907997,Coal
ThermalPower,Region3Hebei_600MW_ultra,TRUE,TRUE,TRUE,FALSE,TRUE,FALSE,TRUE,TRUE,40,TRUE,12,-1,18154.51148,1400,12,Electricity,200,40,0.6,elec_Region3Hebei,3.992172167,48953.78551,TRUE,TRUE,TRUE,TRUE,TRUE,0,150.3075,0.6,0.5,0.039,TRUE,0.3,coal_Region3Hebei,Coal,CO2,co2_sink_3,2.66671228,0.345959997,Coal
ThermalPower,Region4Shanxi_600MW_ultra,TRUE,TRUE,TRUE,FALSE,TRUE,FALSE,TRUE,TRUE,40,TRUE,12,-1,18154.51148,0,12,Electricity,200,40,0.6,elec_Region4Shanxi,3.992172167,48953.78551,TRUE,TRUE,TRUE,TRUE,TRUE,0,150.3075,0.6,0.5,0.039,TRUE,0.3,coal_Region4Shanxi,Coal,CO2,co2_sink_4,2.586912935,0.346907997,Coal
ThermalPower,Region5Innermongolia_600MW_ultra,TRUE,TRUE,TRUE,FALSE,TRUE,FALSE,TRUE,TRUE,40,TRUE,12,-1,18154.51148,700,12,Electricity,200,40,0.6,elec_Region5Innermongolia,3.992172167,48953.78551,TRUE,TRUE,TRUE,TRUE,TRUE,0,150.3075,0.6,0.5,0.039,TRUE,0.3,coal_Region5Innermongolia,Coal,CO2,co2_sink_5,2.66671228,0.363599997,Coal
ThermalPower,Region6Liaoning_600MW_ultra,TRUE,TRUE,TRUE,FALSE,TRUE,FALSE,TRUE,TRUE,40,TRUE,12,-1,18154.51148,2400,12,Electricity,200,40,0.6,elec_Region6Liaoning,3.992172167,48953.78551,TRUE,TRUE,TRUE,TRUE,TRUE,0,150.3075,0.6,0.5,0.039,TRUE,0.3,coal_Region6Liaoning,Coal,CO2,co2_sink_6,2.66671228,0.340559997,Coal
ThermalPower,Region7Jilin_600MW_ultra,TRUE,TRUE,TRUE,FALSE,TRUE,FALSE,TRUE,TRUE,40,TRUE,12,-1,18154.51148,0,12,Electricity,200,40,0.6,elec_Region7Jilin,3.992172167,48953.78551,TRUE,TRUE,TRUE,TRUE,TRUE,0,150.3075,0.6,0.5,0.039,TRUE,0.3,coal_Region7Jilin,Coal,CO2,co2_sink_7,2.586912935,0.346907997,Coal
ThermalPower,Region8Heilongjiang_600MW_ultra,TRUE,TRUE,TRUE,FALSE,TRUE,FALSE,TRUE,TRUE,40,TRUE,12,-1,18154.51148,0,12,Electricity,200,40,0.6,elec_Region8Heilongjiang,3.992172167,48953.78551,TRUE,TRUE,TRUE,TRUE,TRUE,0,150.3075,0.6,0.5,0.039,TRUE,0.3,coal_Region8Heilongjiang,Coal,CO2,co2_sink_8,2.586912935,0.346907997,Coal
ThermalPower,Region9Shanghai_600MW_ultra,TRUE,TRUE,TRUE,FALSE,TRUE,FALSE,TRUE,TRUE,40,TRUE,12,-1,18154.51148,0,12,Electricity,200,40,0.6,elec_Region9Shanghai,3.992172167,48953.78551,TRUE,TRUE,TRUE,TRUE,TRUE,0,150.3075,0.6,0.5,0.039,TRUE,0.3,coal_Region9Shanghai,Coal,CO2,co2_sink_9,2.586912935,0.346907997,Coal
ThermalPower,Region10Jiangsu_600MW_ultra,TRUE,TRUE,TRUE,FALSE,TRUE,FALSE,TRUE,TRUE,40,TRUE,12,-1,18154.51148,1200,12,Electricity,200,40,0.6,elec_Region10Jiangsu,3.992172167,48953.78551,TRUE,TRUE,TRUE,TRUE,TRUE,0,150.3075,0.6,0.5,0.039,TRUE,0.3,coal_Region10Jiangsu,Coal,CO2,co2_sink_10,2.66671228,0.340559997,Coal
ThermalPower,Region11Zhejiang_600MW_ultra,TRUE,TRUE,TRUE,FALSE,TRUE,FALSE,TRUE,TRUE,40,TRUE,12,-1,18154.51148,0,12,Electricity,200,40,0.6,elec_Region11Zhejiang,3.992172167,48953.78551,TRUE,TRUE,TRUE,TRUE,TRUE,0,150.3075,0.6,0.5,0.039,TRUE,0.3,coal_Region11Zhejiang,Coal,CO2,co2_sink_11,2.586912935,0.346907997,Coal
ThermalPower,Region12Anhui_600MW_ultra,TRUE,TRUE,TRUE,FALSE,TRUE,FALSE,TRUE,TRUE,40,TRUE,12,-1,18154.51148,0,12,Electricity,200,40,0.6,elec_Region12Anhui,3.992172167,48953.78551,TRUE,TRUE,TRUE,TRUE,TRUE,0,150.3075,0.6,0.5,0.039,TRUE,0.3,coal_Region12Anhui,Coal,CO2,co2_sink_12,2.586912935,0.346907997,Coal
ThermalPower,Region13Fujian_600MW_ultra,TRUE,TRUE,TRUE,FALSE,TRUE,FALSE,TRUE,TRUE,40,TRUE,12,-1,18154.51148,600,12,Electricity,200,40,0.6,elec_Region13Fujian,3.992172167,48953.78551,TRUE,TRUE,TRUE,TRUE,TRUE,0,150.3075,0.6,0.5,0.039,TRUE,0.3,coal_Region13Fujian,Coal,CO2,co2_sink_13,2.424283891,0.340559997,Coal
ThermalPower,Region14Jiangxi_600MW_ultra,TRUE,TRUE,TRUE,FALSE,TRUE,FALSE,TRUE,TRUE,40,TRUE,12,-1,18154.51148,0,12,Electricity,200,40,0.6,elec_Region14Jiangxi,3.992172167,48953.78551,TRUE,TRUE,TRUE,TRUE,TRUE,0,150.3075,0.6,0.5,0.039,TRUE,0.3,coal_Region14Jiangxi,Coal,CO2,co2_sink_14,2.586912935,0.346907997,Coal
ThermalPower,Region15Shandong_600MW_ultra,TRUE,TRUE,TRUE,FALSE,TRUE,FALSE,TRUE,TRUE,40,TRUE,12,-1,18154.51148,3600,12,Electricity,200,40,0.6,elec_Region15Shandong,3.992172167,48953.78551,TRUE,TRUE,TRUE,TRUE,TRUE,0,150.3075,0.6,0.5,0.039,TRUE,0.3,coal_Region15Shandong,Coal,CO2,co2_sink_15,2.505093354,0.346799997,Coal
ThermalPower,Region16Henan_600MW_ultra,TRUE,TRUE,TRUE,FALSE,TRUE,FALSE,TRUE,TRUE,40,TRUE,12,-1,18154.51148,2400,12,Electricity,200,40,0.6,elec_Region16Henan,3.992172167,48953.78551,TRUE,TRUE,TRUE,TRUE,TRUE,0,150.3075,0.6,0.5,0.039,TRUE,0.3,coal_Region16Henan,Coal,CO2,co2_sink_16,2.424283891,0.343259997,Coal
ThermalPower,Region17Hubei_600MW_ultra,TRUE,TRUE,TRUE,FALSE,TRUE,FALSE,TRUE,TRUE,40,TRUE,12,-1,18154.51148,0,12,Electricity,200,40,0.6,elec_Region17Hubei,3.992172167,48953.78551,TRUE,TRUE,TRUE,TRUE,TRUE,0,150.3075,0.6,0.5,0.039,TRUE,0.3,coal_Region17Hubei,Coal,CO2,co2_sink_17,2.586912935,0.346907997,Coal
ThermalPower,Region18Hunan_600MW_ultra,TRUE,TRUE,TRUE,FALSE,TRUE,FALSE,TRUE,TRUE,40,TRUE,12,-1,18154.51148,1200,12,Electricity,200,40,0.6,elec_Region18Hunan,3.992172167,48953.78551,TRUE,TRUE,TRUE,TRUE,TRUE,0,150.3075,0.6,0.5,0.039,TRUE,0.3,coal_Region18Hunan,Coal,CO2,co2_sink_18,2.66671228,0.353879997,Coal
ThermalPower,Region19Guangdong_600MW_ultra,TRUE,TRUE,TRUE,FALSE,TRUE,FALSE,TRUE,TRUE,40,TRUE,12,-1,18154.51148,4800,12,Electricity,200,40,0.6,elec_Region19Guangdong,3.992172167,48953.78551,TRUE,TRUE,TRUE,TRUE,TRUE,0,150.3075,0.6,0.5,0.039,TRUE,0.3,coal_Region19Guangdong,Coal,CO2,co2_sink_19,2.515194537,0.347939997,Coal
ThermalPower,Region20Guangxi_600MW_ultra,TRUE,TRUE,TRUE,FALSE,TRUE,FALSE,TRUE,TRUE,40,TRUE,12,-1,18154.51148,0,12,Electricity,200,40,0.6,elec_Region20Guangxi,3.992172167,48953.78551,TRUE,TRUE,TRUE,TRUE,TRUE,0,150.3075,0.6,0.5,0.039,TRUE,0.3,coal_Region20Guangxi,Coal,CO2,co2_sink_20,2.586912935,0.346907997,Coal
ThermalPower,Region21Hainan_600MW_ultra,TRUE,TRUE,TRUE,FALSE,TRUE,FALSE,TRUE,TRUE,40,TRUE,12,-1,18154.51148,0,12,Electricity,200,40,0.6,elec_Region21Hainan,3.992172167,48953.78551,TRUE,TRUE,TRUE,TRUE,TRUE,0,150.3075,0.6,0.5,0.039,TRUE,0.3,coal_Region21Hainan,Coal,CO2,co2_sink_21,2.586912935,0.346907997,Coal
ThermalPower,Region22Chongqing_600MW_ultra,TRUE,TRUE,TRUE,FALSE,TRUE,FALSE,TRUE,TRUE,40,TRUE,12,-1,18154.51148,0,12,Electricity,200,40,0.6,elec_Region22Chongqing,3.992172167,48953.78551,TRUE,TRUE,TRUE,TRUE,TRUE,0,150.3075,0.6,0.5,0.039,TRUE,0.3,coal_Region22Chongqing,Coal,CO2,co2_sink_22,2.586912935,0.346907997,Coal
ThermalPower,Region23Sichuan_600MW_ultra,TRUE,TRUE,TRUE,FALSE,TRUE,FALSE,TRUE,TRUE,40,TRUE,12,-1,18154.51148,0,12,Electricity,200,40,0.6,elec_Region23Sichuan,3.992172167,48953.78551,TRUE,TRUE,TRUE,TRUE,TRUE,0,150.3075,0.6,0.5,0.039,TRUE,0.3,coal_Region23Sichuan,Coal,CO2,co2_sink_23,2.586912935,0.346907997,Coal
ThermalPower,Region24Guizhou_600MW_ultra,TRUE,TRUE,TRUE,FALSE,TRUE,FALSE,TRUE,TRUE,40,TRUE,12,-1,18154.51148,0,12,Electricity,200,40,0.6,elec_Region24Guizhou,3.992172167,48953.78551,TRUE,TRUE,TRUE,TRUE,TRUE,0,150.3075,0.6,0.5,0.039,TRUE,0.3,coal_Region24Guizhou,Coal,CO2,co2_sink_24,2.586912935,0.346907997,Coal
ThermalPower,Region25Yunnan_600MW_ultra,TRUE,TRUE,TRUE,FALSE,TRUE,FALSE,TRUE,TRUE,40,TRUE,12,-1,18154.51148,0,12,Electricity,200,40,0.6,elec_Region25Yunnan,3.992172167,48953.78551,TRUE,TRUE,TRUE,TRUE,TRUE,0,150.3075,0.6,0.5,0.039,TRUE,0.3,coal_Region25Yunnan,Coal,CO2,co2_sink_25,2.586912935,0.346907997,Coal
ThermalPower,Region26Tibet_600MW_ultra,TRUE,TRUE,TRUE,FALSE,TRUE,FALSE,TRUE,TRUE,40,TRUE,12,-1,18154.51148,0,12,Electricity,200,40,0.6,elec_Region26Tibet,3.992172167,48953.78551,TRUE,TRUE,TRUE,TRUE,TRUE,0,150.3075,0.6,0.5,0.039,TRUE,0.3,coal_Region26Tibet,Coal,CO2,co2_sink_26,2.586912935,0.346907997,Coal
ThermalPower,Region27Shaanxi_600MW_ultra,TRUE,TRUE,TRUE,FALSE,TRUE,FALSE,TRUE,TRUE,40,TRUE,12,-1,18154.51148,1200,12,Electricity,200,40,0.6,elec_Region27Shaanxi,3.992172167,48953.78551,TRUE,TRUE,TRUE,TRUE,TRUE,0,150.3075,0.6,0.5,0.039,TRUE,0.3,coal_Region27Shaanxi,Coal,CO2,co2_sink_27,2.66671228,0.345959997,Coal
ThermalPower,Region28Gansu_600MW_ultra,TRUE,TRUE,TRUE,FALSE,TRUE,FALSE,TRUE,TRUE,40,TRUE,12,-1,18154.51148,0,12,Electricity,200,40,0.6,elec_Region28Gansu,3.992172167,48953.78551,TRUE,TRUE,TRUE,TRUE,TRUE,0,150.3075,0.6,0.5,0.039,TRUE,0.3,coal_Region28Gansu,Coal,CO2,co2_sink_28,2.586912935,0.346907997,Coal
ThermalPower,Region29Qinghai_600MW_ultra,TRUE,TRUE,TRUE,FALSE,TRUE,FALSE,TRUE,TRUE,40,TRUE,12,-1,18154.51148,0,12,Electricity,200,40,0.6,elec_Region29Qinghai,3.992172167,48953.78551,TRUE,TRUE,TRUE,TRUE,TRUE,0,150.3075,0.6,0.5,0.039,TRUE,0.3,coal_Region29Qinghai,Coal,CO2,co2_sink_29,2.586912935,0.346907997,Coal
ThermalPower,Region30Ningxia_600MW_ultra,TRUE,TRUE,TRUE,FALSE,TRUE,FALSE,TRUE,TRUE,40,TRUE,12,-1,18154.51148,0,12,Electricity,200,40,0.6,elec_Region30Ningxia,3.992172167,48953.78551,TRUE,TRUE,TRUE,TRUE,TRUE,0,150.3075,0.6,0.5,0.039,TRUE,0.3,coal_Region30Ningxia,Coal,CO2,co2_sink_30,2.586912935,0.346907997,Coal
ThermalPower,Region31Xinjiang_600MW_ultra,TRUE,TRUE,TRUE,FALSE,TRUE,FALSE,TRUE,TRUE,40,TRUE,12,-1,18154.51148,0,12,Electricity,200,40,0.6,elec_Region31Xinjiang,3.992172167,48953.78551,TRUE,TRUE,TRUE,TRUE,TRUE,0,150.3075,0.6,0.5,0.039,TRUE,0.3,coal_Region31Xinjiang,Coal,CO2,co2_sink_31,2.586912935,0.346907997,Coal
ThermalPower,Region1Beijing_1000MW_sub,TRUE,TRUE,TRUE,FALSE,TRUE,FALSE,TRUE,TRUE,40,TRUE,12,-1,18154.51148,0,12,Electricity,200,40,0.6,elec_Region1Beijing,4.310193955,55677.52873,TRUE,TRUE,TRUE,TRUE,TRUE,0,150.3075,0.6,0.5,0.039,TRUE,0.4,coal_Region1Beijing,Coal,CO2,co2_sink_1,2.938163253,0.345397497,Coal
ThermalPower,Region2Tianjin_1000MW_sub,TRUE,TRUE,TRUE,FALSE,TRUE,FALSE,TRUE,TRUE,40,TRUE,12,-1,18154.51148,0,12,Electricity,200,40,0.6,elec_Region2Tianjin,4.310193955,55677.52873,TRUE,TRUE,TRUE,TRUE,TRUE,0,150.3075,0.6,0.5,0.039,TRUE,0.4,coal_Region2Tianjin,Coal,CO2,co2_sink_2,2.938163253,0.345397497,Coal
ThermalPower,Region3Hebei_1000MW_sub,TRUE,TRUE,TRUE,FALSE,TRUE,FALSE,TRUE,TRUE,40,TRUE,12,-1,18154.51148,1320,12,Electricity,200,40,0.6,elec_Region3Hebei,4.310193955,55677.52873,TRUE,TRUE,TRUE,TRUE,TRUE,0,150.3075,0.6,0.5,0.039,TRUE,0.4,coal_Region3Hebei,Coal,CO2,co2_sink_3,3.060365341,0.353879997,Coal
ThermalPower,Region4Shanxi_1000MW_sub,TRUE,TRUE,TRUE,FALSE,TRUE,FALSE,TRUE,TRUE,40,TRUE,12,-1,18154.51148,0,12,Electricity,200,40,0.6,elec_Region4Shanxi,4.310193955,55677.52873,TRUE,TRUE,TRUE,TRUE,TRUE,0,150.3075,0.6,0.5,0.039,TRUE,0.4,coal_Region4Shanxi,Coal,CO2,co2_sink_4,2.938163253,0.345397497,Coal
ThermalPower,Region5Innermongolia_1000MW_sub,TRUE,TRUE,TRUE,FALSE,TRUE,FALSE,TRUE,TRUE,40,TRUE,12,-1,18154.51148,1920,12,Electricity,200,40,0.6,elec_Region5Innermongolia,4.310193955,55677.52873,TRUE,TRUE,TRUE,TRUE,TRUE,0,150.3075,0.6,0.5,0.039,TRUE,0.4,coal_Region5Innermongolia,Coal,CO2,co2_sink_5,2.720324748,0.340559997,Coal
ThermalPower,Region6Liaoning_1000MW_sub,TRUE,TRUE,TRUE,FALSE,TRUE,FALSE,TRUE,TRUE,40,TRUE,12,-1,18154.51148,0,12,Electricity,200,40,0.6,elec_Region6Liaoning,4.310193955,55677.52873,TRUE,TRUE,TRUE,TRUE,TRUE,0,150.3075,0.6,0.5,0.039,TRUE,0.4,coal_Region6Liaoning,Coal,CO2,co2_sink_6,2.938163253,0.345397497,Coal
ThermalPower,Region7Jilin_1000MW_sub,TRUE,TRUE,TRUE,FALSE,TRUE,FALSE,TRUE,TRUE,40,TRUE,12,-1,18154.51148,0,12,Electricity,200,40,0.6,elec_Region7Jilin,4.310193955,55677.52873,TRUE,TRUE,TRUE,TRUE,TRUE,0,150.3075,0.6,0.5,0.039,TRUE,0.4,coal_Region7Jilin,Coal,CO2,co2_sink_7,2.938163253,0.345397497,Coal
ThermalPower,Region8Heilongjiang_1000MW_sub,TRUE,TRUE,TRUE,FALSE,TRUE,FALSE,TRUE,TRUE,40,TRUE,12,-1,18154.51148,0,12,Electricity,200,40,0.6,elec_Region8Heilongjiang,4.310193955,55677.52873,TRUE,TRUE,TRUE,TRUE,TRUE,0,150.3075,0.6,0.5,0.039,TRUE,0.4,coal_Region8Heilongjiang,Coal,CO2,co2_sink_8,2.938163253,0.345397497,Coal
ThermalPower,Region9Shanghai_1000MW_sub,TRUE,TRUE,TRUE,FALSE,TRUE,FALSE,TRUE,TRUE,40,TRUE,12,-1,18154.51148,0,12,Electricity,200,40,0.6,elec_Region9Shanghai,4.310193955,55677.52873,TRUE,TRUE,TRUE,TRUE,TRUE,0,150.3075,0.6,0.5,0.039,TRUE,0.4,coal_Region9Shanghai,Coal,CO2,co2_sink_9,2.938163253,0.345397497,Coal
ThermalPower,Region10Jiangsu_1000MW_sub,TRUE,TRUE,TRUE,FALSE,TRUE,FALSE,TRUE,TRUE,40,TRUE,12,-1,18154.51148,1260,12,Electricity,200,40,0.6,elec_Region10Jiangsu,4.310193955,55677.52873,TRUE,TRUE,TRUE,TRUE,TRUE,0,150.3075,0.6,0.5,0.039,TRUE,0.4,coal_Region10Jiangsu,Coal,CO2,co2_sink_10,3.060365341,0.340559997,Coal
ThermalPower,Region11Zhejiang_1000MW_sub,TRUE,TRUE,TRUE,FALSE,TRUE,FALSE,TRUE,TRUE,40,TRUE,12,-1,18154.51148,0,12,Electricity,200,40,0.6,elec_Region11Zhejiang,4.310193955,55677.52873,TRUE,TRUE,TRUE,TRUE,TRUE,0,150.3075,0.6,0.5,0.039,TRUE,0.4,coal_Region11Zhejiang,Coal,CO2,co2_sink_11,2.938163253,0.345397497,Coal
ThermalPower,Region12Anhui_1000MW_sub,TRUE,TRUE,TRUE,FALSE,TRUE,FALSE,TRUE,TRUE,40,TRUE,12,-1,18154.51148,1260,12,Electricity,200,40,0.6,elec_Region12Anhui,4.310193955,55677.52873,TRUE,TRUE,TRUE,TRUE,TRUE,0,150.3075,0.6,0.5,0.039,TRUE,0.4,coal_Region12Anhui,Coal,CO2,co2_sink_12,3.187880564,0.340559997,Coal
ThermalPower,Region13Fujian_1000MW_sub,TRUE,TRUE,TRUE,FALSE,TRUE,FALSE,TRUE,TRUE,40,TRUE,12,-1,18154.51148,0,12,Electricity,200,40,0.6,elec_Region13Fujian,4.310193955,55677.52873,TRUE,TRUE,TRUE,TRUE,TRUE,0,150.3075,0.6,0.5,0.039,TRUE,0.4,coal_Region13Fujian,Coal,CO2,co2_sink_13,2.938163253,0.345397497,Coal
ThermalPower,Region14Jiangxi_1000MW_sub,TRUE,TRUE,TRUE,FALSE,TRUE,FALSE,TRUE,TRUE,40,TRUE,12,-1,18154.51148,0,12,Electricity,200,40,0.6,elec_Region14Jiangxi,4.310193955,55677.52873,TRUE,TRUE,TRUE,TRUE,TRUE,0,150.3075,0.6,0.5,0.039,TRUE,0.4,coal_Region14Jiangxi,Coal,CO2,co2_sink_14,2.938163253,0.345397497,Coal
ThermalPower,Region15Shandong_1000MW_sub,TRUE,TRUE,TRUE,FALSE,TRUE,FALSE,TRUE,TRUE,40,TRUE,12,-1,18154.51148,2670,12,Electricity,200,40,0.6,elec_Region15Shandong,4.310193955,55677.52873,TRUE,TRUE,TRUE,TRUE,TRUE,0,150.3075,0.6,0.5,0.039,TRUE,0.4,coal_Region15Shandong,Coal,CO2,co2_sink_15,3.060365341,0.347219997,Coal
ThermalPower,Region16Henan_1000MW_sub,TRUE,TRUE,TRUE,FALSE,TRUE,FALSE,TRUE,TRUE,40,TRUE,12,-1,18154.51148,0,12,Electricity,200,40,0.6,elec_Region16Henan,4.310193955,55677.52873,TRUE,TRUE,TRUE,TRUE,TRUE,0,150.3075,0.6,0.5,0.039,TRUE,0.4,coal_Region16Henan,Coal,CO2,co2_sink_16,2.938163253,0.345397497,Coal
ThermalPower,Region17Hubei_1000MW_sub,TRUE,TRUE,TRUE,FALSE,TRUE,FALSE,TRUE,TRUE,40,TRUE,12,-1,18154.51148,0,12,Electricity,200,40,0.6,elec_Region17Hubei,4.310193955,55677.52873,TRUE,TRUE,TRUE,TRUE,TRUE,0,150.3075,0.6,0.5,0.039,TRUE,0.4,coal_Region17Hubei,Coal,CO2,co2_sink_17,2.938163253,0.345397497,Coal
ThermalPower,Region18Hunan_1000MW_sub,TRUE,TRUE,TRUE,FALSE,TRUE,FALSE,TRUE,TRUE,40,TRUE,12,-1,18154.51148,2600,12,Electricity,200,40,0.6,elec_Region18Hunan,4.310193955,55677.52873,TRUE,TRUE,TRUE,TRUE,TRUE,0,150.3075,0.6,0.5,0.039,TRUE,0.4,coal_Region18Hunan,Coal,CO2,co2_sink_18,2.805334896,0.353879997,Coal
ThermalPower,Region19Guangdong_1000MW_sub,TRUE,TRUE,TRUE,FALSE,TRUE,FALSE,TRUE,TRUE,40,TRUE,12,-1,18154.51148,4010,12,Electricity,200,40,0.6,elec_Region19Guangdong,4.310193955,55677.52873,TRUE,TRUE,TRUE,TRUE,TRUE,0,150.3075,0.6,0.5,0.039,TRUE,0.4,coal_Region19Guangdong,Coal,CO2,co2_sink_19,3.060365341,0.340559997,Coal
ThermalPower,Region20Guangxi_1000MW_sub,TRUE,TRUE,TRUE,FALSE,TRUE,FALSE,TRUE,TRUE,40,TRUE,12,-1,18154.51148,0,12,Electricity,200,40,0.6,elec_Region20Guangxi,4.310193955,55677.52873,TRUE,TRUE,TRUE,TRUE,TRUE,0,150.3075,0.6,0.5,0.039,TRUE,0.4,coal_Region20Guangxi,Coal,CO2,co2_sink_20,2.938163253,0.345397497,Coal
ThermalPower,Region21Hainan_1000MW_sub,TRUE,TRUE,TRUE,FALSE,TRUE,FALSE,TRUE,TRUE,40,TRUE,12,-1,18154.51148,0,12,Electricity,200,40,0.6,elec_Region21Hainan,4.310193955,55677.52873,TRUE,TRUE,TRUE,TRUE,TRUE,0,150.3075,0.6,0.5,0.039,TRUE,0.4,coal_Region21Hainan,Coal,CO2,co2_sink_21,2.938163253,0.345397497,Coal
ThermalPower,Region22Chongqing_1000MW_sub,TRUE,TRUE,TRUE,FALSE,TRUE,FALSE,TRUE,TRUE,40,TRUE,12,-1,18154.51148,0,12,Electricity,200,40,0.6,elec_Region22Chongqing,4.310193955,55677.52873,TRUE,TRUE,TRUE,TRUE,TRUE,0,150.3075,0.6,0.5,0.039,TRUE,0.4,coal_Region22Chongqing,Coal,CO2,co2_sink_22,2.938163253,0.345397497,Coal
ThermalPower,Region23Sichuan_1000MW_sub,TRUE,TRUE,TRUE,FALSE,TRUE,FALSE,TRUE,TRUE,40,TRUE,12,-1,18154.51148,0,12,Electricity,200,40,0.6,elec_Region23Sichuan,4.310193955,55677.52873,TRUE,TRUE,TRUE,TRUE,TRUE,0,150.3075,0.6,0.5,0.039,TRUE,0.4,coal_Region23Sichuan,Coal,CO2,co2_sink_23,2.938163253,0.345397497,Coal
ThermalPower,Region24Guizhou_1000MW_sub,TRUE,TRUE,TRUE,FALSE,TRUE,FALSE,TRUE,TRUE,40,TRUE,12,-1,18154.51148,1320,12,Electricity,200,40,0.6,elec_Region24Guizhou,4.310193955,55677.52873,TRUE,TRUE,TRUE,TRUE,TRUE,0,150.3075,0.6,0.5,0.039,TRUE,0.4,coal_Region24Guizhou,Coal,CO2,co2_sink_24,2.550304451,0.345959997,Coal
ThermalPower,Region25Yunnan_1000MW_sub,TRUE,TRUE,TRUE,FALSE,TRUE,FALSE,TRUE,TRUE,40,TRUE,12,-1,18154.51148,0,12,Electricity,200,40,0.6,elec_Region25Yunnan,4.310193955,55677.52873,TRUE,TRUE,TRUE,TRUE,TRUE,0,150.3075,0.6,0.5,0.039,TRUE,0.4,coal_Region25Yunnan,Coal,CO2,co2_sink_25,2.938163253,0.345397497,Coal
ThermalPower,Region26Tibet_1000MW_sub,TRUE,TRUE,TRUE,FALSE,TRUE,FALSE,TRUE,TRUE,40,TRUE,12,-1,18154.51148,0,12,Electricity,200,40,0.6,elec_Region26Tibet,4.310193955,55677.52873,TRUE,TRUE,TRUE,TRUE,TRUE,0,150.3075,0.6,0.5,0.039,TRUE,0.4,coal_Region26Tibet,Coal,CO2,co2_sink_26,2.938163253,0.345397497,Coal
ThermalPower,Region27Shaanxi_1000MW_sub,TRUE,TRUE,TRUE,FALSE,TRUE,FALSE,TRUE,TRUE,40,TRUE,12,-1,18154.51148,0,12,Electricity,200,40,0.6,elec_Region27Shaanxi,4.310193955,55677.52873,TRUE,TRUE,TRUE,TRUE,TRUE,0,150.3075,0.6,0.5,0.039,TRUE,0.4,coal_Region27Shaanxi,Coal,CO2,co2_sink_27,2.938163253,0.345397497,Coal
ThermalPower,Region28Gansu_1000MW_sub,TRUE,TRUE,TRUE,FALSE,TRUE,FALSE,TRUE,TRUE,40,TRUE,12,-1,18154.51148,0,12,Electricity,200,40,0.6,elec_Region28Gansu,4.310193955,55677.52873,TRUE,TRUE,TRUE,TRUE,TRUE,0,150.3075,0.6,0.5,0.039,TRUE,0.4,coal_Region28Gansu,Coal,CO2,co2_sink_28,2.938163253,0.345397497,Coal
ThermalPower,Region29Qinghai_1000MW_sub,TRUE,TRUE,TRUE,FALSE,TRUE,FALSE,TRUE,TRUE,40,TRUE,12,-1,18154.51148,0,12,Electricity,200,40,0.6,elec_Region29Qinghai,4.310193955,55677.52873,TRUE,TRUE,TRUE,TRUE,TRUE,0,150.3075,0.6,0.5,0.039,TRUE,0.4,coal_Region29Qinghai,Coal,CO2,co2_sink_29,2.938163253,0.345397497,Coal
ThermalPower,Region30Ningxia_1000MW_sub,TRUE,TRUE,TRUE,FALSE,TRUE,FALSE,TRUE,TRUE,40,TRUE,12,-1,18154.51148,0,12,Electricity,200,40,0.6,elec_Region30Ningxia,4.310193955,55677.52873,TRUE,TRUE,TRUE,TRUE,TRUE,0,150.3075,0.6,0.5,0.039,TRUE,0.4,coal_Region30Ningxia,Coal,CO2,co2_sink_30,2.938163253,0.345397497,Coal
ThermalPower,Region31Xinjiang_1000MW_sub,TRUE,TRUE,TRUE,FALSE,TRUE,FALSE,TRUE,TRUE,40,TRUE,12,-1,18154.51148,0,12,Electricity,200,40,0.6,elec_Region31Xinjiang,4.310193955,55677.52873,TRUE,TRUE,TRUE,TRUE,TRUE,0,150.3075,0.6,0.5,0.039,TRUE,0.4,coal_Region31Xinjiang,Coal,CO2,co2_sink_31,2.938163253,0.345397497,Coal
ThermalPower,Region1Beijing_1000MW_super,TRUE,TRUE,TRUE,FALSE,TRUE,FALSE,TRUE,TRUE,40,TRUE,12,-1,18154.51148,0,12,Electricity,200,40,0.6,elec_Region1Beijing,4.147693955,55677.52873,TRUE,TRUE,TRUE,TRUE,TRUE,0,150.3075,0.6,0.5,0.039,TRUE,0.3,coal_Region1Beijing,Coal,CO2,co2_sink_1,2.674916193,0.344836906,Coal
ThermalPower,Region2Tianjin_1000MW_super,TRUE,TRUE,TRUE,FALSE,TRUE,FALSE,TRUE,TRUE,40,TRUE,12,-1,18154.51148,0,12,Electricity,200,40,0.6,elec_Region2Tianjin,4.147693955,55677.52873,TRUE,TRUE,TRUE,TRUE,TRUE,0,150.3075,0.6,0.5,0.039,TRUE,0.3,coal_Region2Tianjin,Coal,CO2,co2_sink_2,2.674916193,0.344836906,Coal
ThermalPower,Region3Hebei_1000MW_super,TRUE,TRUE,TRUE,FALSE,TRUE,FALSE,TRUE,TRUE,40,TRUE,12,-1,18154.51148,3880,12,Electricity,200,40,0.6,elec_Region3Hebei,4.147693955,55677.52873,TRUE,TRUE,TRUE,TRUE,TRUE,0,150.3075,0.6,0.5,0.039,TRUE,0.3,coal_Region3Hebei,Coal,CO2,co2_sink_3,2.71087809,0.340559997,Coal
ThermalPower,Region4Shanxi_1000MW_super,TRUE,TRUE,TRUE,FALSE,TRUE,FALSE,TRUE,TRUE,40,TRUE,12,-1,18154.51148,7920,12,Electricity,200,40,0.6,elec_Region4Shanxi,4.147693955,55677.52873,TRUE,TRUE,TRUE,TRUE,TRUE,0,150.3075,0.6,0.5,0.039,TRUE,0.3,coal_Region4Shanxi,Coal,CO2,co2_sink_4,2.587656359,0.340559997,Coal
ThermalPower,Region5Innermongolia_1000MW_super,TRUE,TRUE,TRUE,FALSE,TRUE,FALSE,TRUE,TRUE,40,TRUE,12,-1,18154.51148,6600,12,Electricity,200,40,0.6,elec_Region5Innermongolia,4.147693955,55677.52873,TRUE,TRUE,TRUE,TRUE,TRUE,0,150.3075,0.6,0.5,0.039,TRUE,0.3,coal_Region5Innermongolia,Coal,CO2,co2_sink_5,2.51372332,0.354239997,Coal
ThermalPower,Region6Liaoning_1000MW_super,TRUE,TRUE,TRUE,FALSE,TRUE,FALSE,TRUE,TRUE,40,TRUE,12,-1,18154.51148,1760,12,Electricity,200,40,0.6,elec_Region6Liaoning,4.147693955,55677.52873,TRUE,TRUE,TRUE,TRUE,TRUE,0,150.3075,0.6,0.5,0.039,TRUE,0.3,coal_Region6Liaoning,Coal,CO2,co2_sink_6,2.957321553,0.340559997,Coal
ThermalPower,Region7Jilin_1000MW_super,TRUE,TRUE,TRUE,FALSE,TRUE,FALSE,TRUE,TRUE,40,TRUE,12,-1,18154.51148,3980,12,Electricity,200,40,0.6,elec_Region7Jilin,4.147693955,55677.52873,TRUE,TRUE,TRUE,TRUE,TRUE,0,150.3075,0.6,0.5,0.039,TRUE,0.3,coal_Region7Jilin,Coal,CO2,co2_sink_7,2.71087809,0.363599997,Coal
ThermalPower,Region8Heilongjiang_1000MW_super,TRUE,TRUE,TRUE,FALSE,TRUE,FALSE,TRUE,TRUE,40,TRUE,12,-1,18154.51148,0,12,Electricity,200,40,0.6,elec_Region8Heilongjiang,4.147693955,55677.52873,TRUE,TRUE,TRUE,TRUE,TRUE,0,150.3075,0.6,0.5,0.039,TRUE,0.3,coal_Region8Heilongjiang,Coal,CO2,co2_sink_8,2.674916193,0.344836906,Coal
ThermalPower,Region9Shanghai_1000MW_super,TRUE,TRUE,TRUE,FALSE,TRUE,FALSE,TRUE,TRUE,40,TRUE,12,-1,18154.51148,1800,12,Electricity,200,40,0.6,elec_Region9Shanghai,4.147693955,55677.52873,TRUE,TRUE,TRUE,TRUE,TRUE,0,150.3075,0.6,0.5,0.039,TRUE,0.3,coal_Region9Shanghai,Coal,CO2,co2_sink_9,2.957321553,0.340559997,Coal
ThermalPower,Region10Jiangsu_1000MW_super,TRUE,TRUE,TRUE,FALSE,TRUE,FALSE,TRUE,TRUE,40,TRUE,12,-1,18154.51148,12110,12,Electricity,200,40,0.6,elec_Region10Jiangsu,4.147693955,55677.52873,TRUE,TRUE,TRUE,TRUE,TRUE,0,150.3075,0.6,0.5,0.039,TRUE,0.3,coal_Region10Jiangsu,Coal,CO2,co2_sink_10,2.71087809,0.34226526,Coal
ThermalPower,Region11Zhejiang_1000MW_super,TRUE,TRUE,TRUE,FALSE,TRUE,FALSE,TRUE,TRUE,40,TRUE,12,-1,18154.51148,0,12,Electricity,200,40,0.6,elec_Region11Zhejiang,4.147693955,55677.52873,TRUE,TRUE,TRUE,TRUE,TRUE,0,150.3075,0.6,0.5,0.039,TRUE,0.3,coal_Region11Zhejiang,Coal,CO2,co2_sink_11,2.674916193,0.344836906,Coal
ThermalPower,Region12Anhui_1000MW_super,TRUE,TRUE,TRUE,FALSE,TRUE,FALSE,TRUE,TRUE,40,TRUE,12,-1,18154.51148,10870,12,Electricity,200,40,0.6,elec_Region12Anhui,4.147693955,55677.52873,TRUE,TRUE,TRUE,TRUE,TRUE,0,150.3075,0.6,0.5,0.039,TRUE,0.3,coal_Region12Anhui,Coal,CO2,co2_sink_12,2.71087809,0.341195291,Coal
ThermalPower,Region13Fujian_1000MW_super,TRUE,TRUE,TRUE,FALSE,TRUE,FALSE,TRUE,TRUE,40,TRUE,12,-1,18154.51148,2660,12,Electricity,200,40,0.6,elec_Region13Fujian,4.147693955,55677.52873,TRUE,TRUE,TRUE,TRUE,TRUE,0,150.3075,0.6,0.5,0.039,TRUE,0.3,coal_Region13Fujian,Coal,CO2,co2_sink_13,2.71087809,0.340559997,Coal
ThermalPower,Region14Jiangxi_1000MW_super,TRUE,TRUE,TRUE,FALSE,TRUE,FALSE,TRUE,TRUE,40,TRUE,12,-1,18154.51148,3980,12,Electricity,200,40,0.6,elec_Region14Jiangxi,4.147693955,55677.52873,TRUE,TRUE,TRUE,TRUE,TRUE,0,150.3075,0.6,0.5,0.039,TRUE,0.3,coal_Region14Jiangxi,Coal,CO2,co2_sink_14,2.71087809,0.344159997,Coal
ThermalPower,Region15Shandong_1000MW_super,TRUE,TRUE,TRUE,FALSE,TRUE,FALSE,TRUE,TRUE,40,TRUE,12,-1,18154.51148,7980,12,Electricity,200,40,0.6,elec_Region15Shandong,4.147693955,55677.52873,TRUE,TRUE,TRUE,TRUE,TRUE,0,150.3075,0.6,0.5,0.039,TRUE,0.3,coal_Region15Shandong,Coal,CO2,co2_sink_15,2.66980418,0.344579997,Coal
ThermalPower,Region16Henan_1000MW_super,TRUE,TRUE,TRUE,FALSE,TRUE,FALSE,TRUE,TRUE,40,TRUE,12,-1,18154.51148,8880,12,Electricity,200,40,0.6,elec_Region16Henan,4.147693955,55677.52873,TRUE,TRUE,TRUE,TRUE,TRUE,0,150.3075,0.6,0.5,0.039,TRUE,0.3,coal_Region16Henan,Coal,CO2,co2_sink_16,2.71087809,0.342462854,Coal
ThermalPower,Region17Hubei_1000MW_super,TRUE,TRUE,TRUE,FALSE,TRUE,FALSE,TRUE,TRUE,40,TRUE,12,-1,18154.51148,9060,12,Electricity,200,40,0.6,elec_Region17Hubei,4.147693955,55677.52873,TRUE,TRUE,TRUE,TRUE,TRUE,0,150.3075,0.6,0.5,0.039,TRUE,0.3,coal_Region17Hubei,Coal,CO2,co2_sink_17,2.640465672,0.34513714,Coal
ThermalPower,Region18Hunan_1000MW_super,TRUE,TRUE,TRUE,FALSE,TRUE,FALSE,TRUE,TRUE,40,TRUE,12,-1,18154.51148,4490,12,Electricity,200,40,0.6,elec_Region18Hunan,4.147693955,55677.52873,TRUE,TRUE,TRUE,TRUE,TRUE,0,150.3075,0.6,0.5,0.039,TRUE,0.3,coal_Region18Hunan,Coal,CO2,co2_sink_18,2.640465672,0.347811426,Coal
ThermalPower,Region19Guangdong_1000MW_super,TRUE,TRUE,TRUE,FALSE,TRUE,FALSE,TRUE,TRUE,40,TRUE,12,-1,18154.51148,1260,12,Electricity,200,40,0.6,elec_Region19Guangdong,4.147693955,55677.52873,TRUE,TRUE,TRUE,TRUE,TRUE,0,150.3075,0.6,0.5,0.039,TRUE,0.3,coal_Region19Guangdong,Coal,CO2,co2_sink_19,2.71087809,0.340559997,Coal
ThermalPower,Region20Guangxi_1000MW_super,TRUE,TRUE,TRUE,FALSE,TRUE,FALSE,TRUE,TRUE,40,TRUE,12,-1,18154.51148,5830,12,Electricity,200,40,0.6,elec_Region20Guangxi,4.147693955,55677.52873,TRUE,TRUE,TRUE,TRUE,TRUE,0,150.3075,0.6,0.5,0.039,TRUE,0.3,coal_Region20Guangxi,Coal,CO2,co2_sink_20,2.656112876,0.347959997,Coal
ThermalPower,Region21Hainan_1000MW_super,TRUE,TRUE,TRUE,FALSE,TRUE,FALSE,TRUE,TRUE,40,TRUE,12,-1,18154.51148,0,12,Electricity,200,40,0.6,elec_Region21Hainan,4.147693955,55677.52873,TRUE,TRUE,TRUE,TRUE,TRUE,0,150.3075,0.6,0.5,0.039,TRUE,0.3,coal_Region21Hainan,Coal,CO2,co2_sink_21,2.674916193,0.344836906,Coal
ThermalPower,Region22Chongqing_1000MW_super,TRUE,TRUE,TRUE,FALSE,TRUE,FALSE,TRUE,TRUE,40,TRUE,12,-1,18154.51148,2640,12,Electricity,200,40,0.6,elec_Region22Chongqing,4.147693955,55677.52873,TRUE,TRUE,TRUE,TRUE,TRUE,0,150.3075,0.6,0.5,0.039,TRUE,0.3,coal_Region22Chongqing,Coal,CO2,co2_sink_22,2.464434628,0.345959997,Coal
ThermalPower,Region23Sichuan_1000MW_super,TRUE,TRUE,TRUE,FALSE,TRUE,FALSE,TRUE,TRUE,40,TRUE,12,-1,18154.51148,0,12,Electricity,200,40,0.6,elec_Region23Sichuan,4.147693955,55677.52873,TRUE,TRUE,TRUE,TRUE,TRUE,0,150.3075,0.6,0.5,0.039,TRUE,0.3,coal_Region23Sichuan,Coal,CO2,co2_sink_23,2.674916193,0.344836906,Coal
ThermalPower,Region24Guizhou_1000MW_super,TRUE,TRUE,TRUE,FALSE,TRUE,FALSE,TRUE,TRUE,40,TRUE,12,-1,18154.51148,9980,12,Electricity,200,40,0.6,elec_Region24Guizhou,4.147693955,55677.52873,TRUE,TRUE,TRUE,TRUE,TRUE,0,150.3075,0.6,0.5,0.039,TRUE,0.3,coal_Region24Guizhou,Coal,CO2,co2_sink_24,2.497293756,0.345239997,Coal
ThermalPower,Region25Yunnan_1000MW_super,TRUE,TRUE,TRUE,FALSE,TRUE,FALSE,TRUE,TRUE,40,TRUE,12,-1,18154.51148,0,12,Electricity,200,40,0.6,elec_Region25Yunnan,4.147693955,55677.52873,TRUE,TRUE,TRUE,TRUE,TRUE,0,150.3075,0.6,0.5,0.039,TRUE,0.3,coal_Region25Yunnan,Coal,CO2,co2_sink_25,2.674916193,0.344836906,Coal
ThermalPower,Region26Tibet_1000MW_super,TRUE,TRUE,TRUE,FALSE,TRUE,FALSE,TRUE,TRUE,40,TRUE,12,-1,18154.51148,0,12,Electricity,200,40,0.6,elec_Region26Tibet,4.147693955,55677.52873,TRUE,TRUE,TRUE,TRUE,TRUE,0,150.3075,0.6,0.5,0.039,TRUE,0.3,coal_Region26Tibet,Coal,CO2,co2_sink_26,2.674916193,0.344836906,Coal
ThermalPower,Region27Shaanxi_1000MW_super,TRUE,TRUE,TRUE,FALSE,TRUE,FALSE,TRUE,TRUE,40,TRUE,12,-1,18154.51148,3900,12,Electricity,200,40,0.6,elec_Region27Shaanxi,4.147693955,55677.52873,TRUE,TRUE,TRUE,TRUE,TRUE,0,150.3075,0.6,0.5,0.039,TRUE,0.3,coal_Region27Shaanxi,Coal,CO2,co2_sink_27,2.628730269,0.345959997,Coal
ThermalPower,Region28Gansu_1000MW_super,TRUE,TRUE,TRUE,FALSE,TRUE,FALSE,TRUE,TRUE,40,TRUE,12,-1,18154.51148,2640,12,Electricity,200,40,0.6,elec_Region28Gansu,4.147693955,55677.52873,TRUE,TRUE,TRUE,TRUE,TRUE,0,150.3075,0.6,0.5,0.039,TRUE,0.3,coal_Region28Gansu,Coal,CO2,co2_sink_28,2.71087809,0.345959997,Coal
ThermalPower,Region29Qinghai_1000MW_super,TRUE,TRUE,TRUE,FALSE,TRUE,FALSE,TRUE,TRUE,40,TRUE,12,-1,18154.51148,0,12,Electricity,200,40,0.6,elec_Region29Qinghai,4.147693955,55677.52873,TRUE,TRUE,TRUE,TRUE,TRUE,0,150.3075,0.6,0.5,0.039,TRUE,0.3,coal_Region29Qinghai,Coal,CO2,co2_sink_29,2.674916193,0.344836906,Coal
ThermalPower,Region30Ningxia_1000MW_super,TRUE,TRUE,TRUE,FALSE,TRUE,FALSE,TRUE,TRUE,40,TRUE,12,-1,18154.51148,1320,12,Electricity,200,40,0.6,elec_Region30Ningxia,4.147693955,55677.52873,TRUE,TRUE,TRUE,TRUE,TRUE,0,150.3075,0.6,0.5,0.039,TRUE,0.3,coal_Region30Ningxia,Coal,CO2,co2_sink_30,2.71087809,0.340559997,Coal
ThermalPower,Region31Xinjiang_1000MW_super,TRUE,TRUE,TRUE,FALSE,TRUE,FALSE,TRUE,TRUE,40,TRUE,12,-1,18154.51148,5280,12,Electricity,200,40,0.6,elec_Region31Xinjiang,4.147693955,55677.52873,TRUE,TRUE,TRUE,TRUE,TRUE,0,150.3075,0.6,0.5,0.039,TRUE,0.3,coal_Region31Xinjiang,Coal,CO2,co2_sink_31,2.526045493,0.345959997,Coal
ThermalPower,Region1Beijing_1000MW_ultra,TRUE,TRUE,TRUE,FALSE,TRUE,FALSE,TRUE,TRUE,40,TRUE,12,-1,18154.51148,0,12,Electricity,200,40,0.6,elec_Region1Beijing,3.839263796,43648.8138,TRUE,TRUE,TRUE,TRUE,TRUE,0,150.3075,0.6,0.5,0.039,TRUE,0.25,coal_Region1Beijing,Coal,CO2,co2_sink_1,2.471399584,0.344980729,Coal
ThermalPower,Region2Tianjin_1000MW_ultra,TRUE,TRUE,TRUE,FALSE,TRUE,FALSE,TRUE,TRUE,40,TRUE,12,-1,18154.51148,5320,12,Electricity,200,40,0.6,elec_Region2Tianjin,3.839263796,43648.8138,TRUE,TRUE,TRUE,TRUE,TRUE,0,150.3075,0.6,0.5,0.039,TRUE,0.25,coal_Region2Tianjin,Coal,CO2,co2_sink_2,2.505093354,0.345959997,Coal
ThermalPower,Region3Hebei_1000MW_ultra,TRUE,TRUE,TRUE,FALSE,TRUE,FALSE,TRUE,TRUE,40,TRUE,12,-1,18154.51148,7940,12,Electricity,200,40,0.6,elec_Region3Hebei,3.839263796,43648.8138,TRUE,TRUE,TRUE,TRUE,TRUE,0,150.3075,0.6,0.5,0.039,TRUE,0.25,coal_Region3Hebei,Coal,CO2,co2_sink_3,2.424283891,0.343014543,Coal
ThermalPower,Region4Shanxi_1000MW_ultra,TRUE,TRUE,TRUE,FALSE,TRUE,FALSE,TRUE,TRUE,40,TRUE,12,-1,18154.51148,11222,12,Electricity,200,40,0.6,elec_Region4Shanxi,3.839263796,43648.8138,TRUE,TRUE,TRUE,TRUE,TRUE,0,150.3075,0.6,0.5,0.039,TRUE,0.25,coal_Region4Shanxi,Coal,CO2,co2_sink_4,2.458916518,0.342102854,Coal
ThermalPower,Region5Innermongolia_1000MW_ultra,TRUE,TRUE,TRUE,FALSE,TRUE,FALSE,TRUE,TRUE,40,TRUE,12,-1,18154.51148,39100,12,Electricity,200,40,0.6,elec_Region5Innermongolia,3.839263796,43648.8138,TRUE,TRUE,TRUE,TRUE,TRUE,0,150.3075,0.6,0.5,0.039,TRUE,0.25,coal_Region5Innermongolia,Coal,CO2,co2_sink_5,2.433790887,0.348197644,Coal
ThermalPower,Region6Liaoning_1000MW_ultra,TRUE,TRUE,TRUE,FALSE,TRUE,FALSE,TRUE,TRUE,40,TRUE,12,-1,18154.51148,3320,12,Electricity,200,40,0.6,elec_Region6Liaoning,3.839263796,43648.8138,TRUE,TRUE,TRUE,TRUE,TRUE,0,150.3075,0.6,0.5,0.039,TRUE,0.25,coal_Region6Liaoning,Coal,CO2,co2_sink_6,2.545498086,0.343259997,Coal
ThermalPower,Region7Jilin_1000MW_ultra,TRUE,TRUE,TRUE,FALSE,TRUE,FALSE,TRUE,TRUE,40,TRUE,12,-1,18154.51148,0,12,Electricity,200,40,0.6,elec_Region7Jilin,3.839263796,43648.8138,TRUE,TRUE,TRUE,TRUE,TRUE,0,150.3075,0.6,0.5,0.039,TRUE,0.25,coal_Region7Jilin,Coal,CO2,co2_sink_7,2.471399584,0.344980729,Coal
ThermalPower,Region8Heilongjiang_1000MW_ultra,TRUE,TRUE,TRUE,FALSE,TRUE,FALSE,TRUE,TRUE,40,TRUE,12,-1,18154.51148,1320,12,Electricity,200,40,0.6,elec_Region8Heilongjiang,3.839263796,43648.8138,TRUE,TRUE,TRUE,TRUE,TRUE,0,150.3075,0.6,0.5,0.039,TRUE,0.25,coal_Region8Heilongjiang,Coal,CO2,co2_sink_8,2.424283891,0.345959997,Coal
ThermalPower,Region9Shanghai_1000MW_ultra,TRUE,TRUE,TRUE,FALSE,TRUE,FALSE,TRUE,TRUE,40,TRUE,12,-1,18154.51148,7920,12,Electricity,200,40,0.6,elec_Region9Shanghai,3.839263796,43648.8138,TRUE,TRUE,TRUE,TRUE,TRUE,0,150.3075,0.6,0.5,0.039,TRUE,0.25,coal_Region9Shanghai,Coal,CO2,co2_sink_9,2.569740925,0.342719997,Coal
ThermalPower,Region10Jiangsu_1000MW_ultra,TRUE,TRUE,TRUE,FALSE,TRUE,FALSE,TRUE,TRUE,40,TRUE,12,-1,18154.51148,45620,12,Electricity,200,40,0.6,elec_Region10Jiangsu,3.839263796,43648.8138,TRUE,TRUE,TRUE,TRUE,TRUE,0,150.3075,0.6,0.5,0.039,TRUE,0.25,coal_Region10Jiangsu,Coal,CO2,co2_sink_10,2.562135328,0.343101174,Coal
ThermalPower,Region11Zhejiang_1000MW_ultra,TRUE,TRUE,TRUE,FALSE,TRUE,FALSE,TRUE,TRUE,40,TRUE,12,-1,18154.51148,31900,12,Electricity,200,40,0.6,elec_Region11Zhejiang,3.839263796,43648.8138,TRUE,TRUE,TRUE,TRUE,TRUE,0,150.3075,0.6,0.5,0.039,TRUE,0.25,coal_Region11Zhejiang,Coal,CO2,co2_sink_11,2.535108297,0.341331426,Coal
ThermalPower,Region12Anhui_1000MW_ultra,TRUE,TRUE,TRUE,FALSE,TRUE,FALSE,TRUE,TRUE,40,TRUE,12,-1,18154.51148,31780,12,Electricity,200,40,0.6,elec_Region12Anhui,3.839263796,43648.8138,TRUE,TRUE,TRUE,TRUE,TRUE,0,150.3075,0.6,0.5,0.039,TRUE,0.25,coal_Region12Anhui,Coal,CO2,co2_sink_12,2.510865459,0.343002854,Coal
ThermalPower,Region13Fujian_1000MW_ultra,TRUE,TRUE,TRUE,FALSE,TRUE,FALSE,TRUE,TRUE,40,TRUE,12,-1,18154.51148,11280,12,Electricity,200,40,0.6,elec_Region13Fujian,3.839263796,43648.8138,TRUE,TRUE,TRUE,TRUE,TRUE,0,150.3075,0.6,0.5,0.039,TRUE,0.25,coal_Region13Fujian,Coal,CO2,co2_sink_13,2.458916518,0.343645712,Coal
ThermalPower,Region14Jiangxi_1000MW_ultra,TRUE,TRUE,TRUE,FALSE,TRUE,FALSE,TRUE,TRUE,40,TRUE,12,-1,18154.51148,23868,12,Electricity,200,40,0.6,elec_Region14Jiangxi,3.839263796,43648.8138,TRUE,TRUE,TRUE,TRUE,TRUE,0,150.3075,0.6,0.5,0.039,TRUE,0.25,coal_Region14Jiangxi,Coal,CO2,co2_sink_14,2.484890988,0.344802854,Coal
ThermalPower,Region15Shandong_1000MW_ultra,TRUE,TRUE,TRUE,FALSE,TRUE,FALSE,TRUE,TRUE,40,TRUE,12,-1,18154.51148,34090,12,Electricity,200,40,0.6,elec_Region15Shandong,3.839263796,43648.8138,TRUE,TRUE,TRUE,TRUE,TRUE,0,150.3075,0.6,0.5,0.039,TRUE,0.25,coal_Region15Shandong,Coal,CO2,co2_sink_15,2.458916518,0.344279997,Coal
ThermalPower,Region16Henan_1000MW_ultra,TRUE,TRUE,TRUE,FALSE,TRUE,FALSE,TRUE,TRUE,40,TRUE,12,-1,18154.51148,25320,12,Electricity,200,40,0.6,elec_Region16Henan,3.839263796,43648.8138,TRUE,TRUE,TRUE,TRUE,TRUE,0,150.3075,0.6,0.5,0.039,TRUE,0.25,coal_Region16Henan,Coal,CO2,co2_sink_16,2.522770424,0.344924997,Coal
ThermalPower,Region17Hubei_1000MW_ultra,TRUE,TRUE,TRUE,FALSE,TRUE,FALSE,TRUE,TRUE,40,TRUE,12,-1,18154.51148,16320,12,Electricity,200,40,0.6,elec_Region17Hubei,3.839263796,43648.8138,TRUE,TRUE,TRUE,TRUE,TRUE,0,150.3075,0.6,0.5,0.039,TRUE,0.25,coal_Region17Hubei,Coal,CO2,co2_sink_17,2.488080836,0.344823155,Coal
ThermalPower,Region18Hunan_1000MW_ultra,TRUE,TRUE,TRUE,FALSE,TRUE,FALSE,TRUE,TRUE,40,TRUE,12,-1,18154.51148,8120,12,Electricity,200,40,0.6,elec_Region18Hunan,3.839263796,43648.8138,TRUE,TRUE,TRUE,TRUE,TRUE,0,150.3075,0.6,0.5,0.039,TRUE,0.25,coal_Region18Hunan,Coal,CO2,co2_sink_18,2.424283891,0.344159997,Coal
ThermalPower,Region19Guangdong_1000MW_ultra,TRUE,TRUE,TRUE,FALSE,TRUE,FALSE,TRUE,TRUE,40,TRUE,12,-1,18154.51148,58468.2,12,Electricity,200,40,0.6,elec_Region19Guangdong,3.839263796,43648.8138,TRUE,TRUE,TRUE,TRUE,TRUE,0,150.3075,0.6,0.5,0.039,TRUE,0.25,coal_Region19Guangdong,Coal,CO2,co2_sink_19,2.495820137,0.343923932,Coal
ThermalPower,Region20Guangxi_1000MW_ultra,TRUE,TRUE,TRUE,FALSE,TRUE,FALSE,TRUE,TRUE,40,TRUE,12,-1,18154.51148,16110,12,Electricity,200,40,0.6,elec_Region20Guangxi,3.839263796,43648.8138,TRUE,TRUE,TRUE,TRUE,TRUE,0,150.3075,0.6,0.5,0.039,TRUE,0.25,coal_Region20Guangxi,Coal,CO2,co2_sink_20,2.44852673,0.343259997,Coal
ThermalPower,Region21Hainan_1000MW_ultra,TRUE,TRUE,TRUE,FALSE,TRUE,FALSE,TRUE,TRUE,40,TRUE,12,-1,18154.51148,0,12,Electricity,200,40,0.6,elec_Region21Hainan,3.839263796,43648.8138,TRUE,TRUE,TRUE,TRUE,TRUE,0,150.3075,0.6,0.5,0.039,TRUE,0.25,coal_Region21Hainan,Coal,CO2,co2_sink_21,2.471399584,0.344980729,Coal
ThermalPower,Region22Chongqing_1000MW_ultra,TRUE,TRUE,TRUE,FALSE,TRUE,FALSE,TRUE,TRUE,40,TRUE,12,-1,18154.51148,3320,12,Electricity,200,40,0.6,elec_Region22Chongqing,3.839263796,43648.8138,TRUE,TRUE,TRUE,TRUE,TRUE,0,150.3075,0.6,0.5,0.039,TRUE,0.25,coal_Region22Chongqing,Coal,CO2,co2_sink_22,2.545498086,0.343259997,Coal
ThermalPower,Region23Sichuan_1000MW_ultra,TRUE,TRUE,TRUE,FALSE,TRUE,FALSE,TRUE,TRUE,40,TRUE,12,-1,18154.51148,3000,12,Electricity,200,40,0.6,elec_Region23Sichuan,3.839263796,43648.8138,TRUE,TRUE,TRUE,TRUE,TRUE,0,150.3075,0.6,0.5,0.039,TRUE,0.25,coal_Region23Sichuan,Coal,CO2,co2_sink_23,2.424283891,0.345959997,Coal
ThermalPower,Region24Guizhou_1000MW_ultra,TRUE,TRUE,TRUE,FALSE,TRUE,FALSE,TRUE,TRUE,40,TRUE,12,-1,18154.51148,7920,12,Electricity,200,40,0.6,elec_Region24Guizhou,3.839263796,43648.8138,TRUE,TRUE,TRUE,TRUE,TRUE,0,150.3075,0.6,0.5,0.039,TRUE,0.25,coal_Region24Guizhou,Coal,CO2,co2_sink_24,2.424283891,0.347279997,Coal
ThermalPower,Region25Yunnan_1000MW_ultra,TRUE,TRUE,TRUE,FALSE,TRUE,FALSE,TRUE,TRUE,40,TRUE,12,-1,18154.51148,700,12,Electricity,200,40,0.6,elec_Region25Yunnan,3.839263796,43648.8138,TRUE,TRUE,TRUE,TRUE,TRUE,0,150.3075,0.6,0.5,0.039,TRUE,0.25,coal_Region25Yunnan,Coal,CO2,co2_sink_25,2.424283891,0.363599997,Coal
ThermalPower,Region26Tibet_1000MW_ultra,TRUE,TRUE,TRUE,FALSE,TRUE,FALSE,TRUE,TRUE,40,TRUE,12,-1,18154.51148,0,12,Electricity,200,40,0.6,elec_Region26Tibet,3.839263796,43648.8138,TRUE,TRUE,TRUE,TRUE,TRUE,0,150.3075,0.6,0.5,0.039,TRUE,0.25,coal_Region26Tibet,Coal,CO2,co2_sink_26,2.471399584,0.344980729,Coal
ThermalPower,Region27Shaanxi_1000MW_ultra,TRUE,TRUE,TRUE,FALSE,TRUE,FALSE,TRUE,TRUE,40,TRUE,12,-1,18154.51148,23220,12,Electricity,200,40,0.6,elec_Region27Shaanxi,3.839263796,43648.8138,TRUE,TRUE,TRUE,TRUE,TRUE,0,150.3075,0.6,0.5,0.039,TRUE,0.25,coal_Region27Shaanxi,Coal,CO2,co2_sink_27,2.424283891,0.344656549,Coal
ThermalPower,Region28Gansu_1000MW_ultra,TRUE,TRUE,TRUE,FALSE,TRUE,FALSE,TRUE,TRUE,40,TRUE,12,-1,18154.51148,10000,12,Electricity,200,40,0.6,elec_Region28Gansu,3.839263796,43648.8138,TRUE,TRUE,TRUE,TRUE,TRUE,0,150.3075,0.6,0.5,0.039,TRUE,0.25,coal_Region28Gansu,Coal,CO2,co2_sink_28,2.424283891,0.343799997,Coal
ThermalPower,Region29Qinghai_1000MW_ultra,TRUE,TRUE,TRUE,FALSE,TRUE,FALSE,TRUE,TRUE,40,TRUE,12,-1,18154.51148,4620,12,Electricity,200,40,0.6,elec_Region29Qinghai,3.839263796,43648.8138,TRUE,TRUE,TRUE,TRUE,TRUE,0,150.3075,0.6,0.5,0.039,TRUE,0.25,coal_Region29Qinghai,Coal,CO2,co2_sink_29,2.424283891,0.343645712,Coal
ThermalPower,Region30Ningxia_1000MW_ultra,TRUE,TRUE,TRUE,FALSE,TRUE,FALSE,TRUE,TRUE,40,TRUE,12,-1,18154.51148,13580,12,Electricity,200,40,0.6,elec_Region30Ningxia,3.839263796,43648.8138,TRUE,TRUE,TRUE,TRUE,TRUE,0,150.3075,0.6,0.5,0.039,TRUE,0.25,coal_Region30Ningxia,Coal,CO2,co2_sink_30,2.452804878,0.343418821,Coal
ThermalPower,Region31Xinjiang_1000MW_ultra,TRUE,TRUE,TRUE,FALSE,TRUE,FALSE,TRUE,TRUE,40,TRUE,12,-1,18154.51148,22000,12,Electricity,200,40,0.6,elec_Region31Xinjiang,3.839263796,43648.8138,TRUE,TRUE,TRUE,TRUE,TRUE,0,150.3075,0.6,0.5,0.039,TRUE,0.25,coal_Region31Xinjiang,Coal,CO2,co2_sink_31,2.431859778,0.346387497,Coal
ThermalPower,Region1Beijing_nuclear,TRUE,TRUE,TRUE,FALSE,TRUE,FALSE,TRUE,FALSE,50,FALSE,24,-1,27800,0,24,Electricity,200,50,0,elec_Region1Beijing,0.664444444,77273.7983,TRUE,TRUE,TRUE,TRUE,TRUE,0,0,0,0.5,0.039,TRUE,3055.555556,uranium_source,Uranium,CO2,co2_sink_1,3.03,0,Uranium
ThermalPower,Region2Tianjin_nuclear,TRUE,TRUE,TRUE,FALSE,TRUE,FALSE,TRUE,FALSE,50,FALSE,24,-1,27800,0,24,Electricity,200,50,0,elec_Region2Tianjin,0.664444444,77273.7983,TRUE,TRUE,TRUE,TRUE,TRUE,0,0,0,0.5,0.039,TRUE,3055.555556,uranium_source,Uranium,CO2,co2_sink_2,3.03,0,Uranium
ThermalPower,Region3Hebei_nuclear,TRUE,TRUE,TRUE,FALSE,TRUE,FALSE,TRUE,FALSE,50,FALSE,24,-1,27800,0,24,Electricity,200,50,0,elec_Region3Hebei,0.664444444,77273.7983,TRUE,TRUE,TRUE,TRUE,TRUE,0,0,0,0.5,0.039,TRUE,3055.555556,uranium_source,Uranium,CO2,co2_sink_3,3.03,0,Uranium
ThermalPower,Region4Shanxi_nuclear,TRUE,TRUE,TRUE,FALSE,TRUE,FALSE,TRUE,FALSE,50,FALSE,24,-1,27800,0,24,Electricity,200,50,0,elec_Region4Shanxi,0.664444444,77273.7983,TRUE,TRUE,TRUE,TRUE,TRUE,0,0,0,0.5,0.039,TRUE,3055.555556,uranium_source,Uranium,CO2,co2_sink_4,3.03,0,Uranium
ThermalPower,Region5Innermongolia_nuclear,TRUE,TRUE,TRUE,FALSE,TRUE,FALSE,TRUE,FALSE,50,FALSE,24,-1,27800,0,24,Electricity,200,50,0,elec_Region5Innermongolia,0.664444444,77273.7983,TRUE,TRUE,TRUE,TRUE,TRUE,0,0,0,0.5,0.039,TRUE,3055.555556,uranium_source,Uranium,CO2,co2_sink_5,3.03,0,Uranium
ThermalPower,Region6Liaoning_nuclear,TRUE,TRUE,TRUE,FALSE,TRUE,FALSE,TRUE,FALSE,50,FALSE,24,-1,27800,4475.16,24,Electricity,200,50,0,elec_Region6Liaoning,0.664444444,77273.7983,TRUE,TRUE,TRUE,TRUE,TRUE,0,0,0,0.5,0.039,TRUE,3055.555556,uranium_source,Uranium,CO2,co2_sink_6,3.03,0,Uranium
ThermalPower,Region7Jilin_nuclear,TRUE,TRUE,TRUE,FALSE,TRUE,FALSE,TRUE,FALSE,50,FALSE,24,-1,27800,0,24,Electricity,200,50,0,elec_Region7Jilin,0.664444444,77273.7983,TRUE,TRUE,TRUE,TRUE,TRUE,0,0,0,0.5,0.039,TRUE,3055.555556,uranium_source,Uranium,CO2,co2_sink_7,3.03,0,Uranium
ThermalPower,Region8Heilongjiang_nuclear,TRUE,TRUE,TRUE,FALSE,TRUE,FALSE,TRUE,FALSE,50,FALSE,24,-1,27800,0,24,Electricity,200,50,0,elec_Region8Heilongjiang,0.664444444,77273.7983,TRUE,TRUE,TRUE,TRUE,TRUE,0,0,0,0.5,0.039,TRUE,3055.555556,uranium_source,Uranium,CO2,co2_sink_8,3.03,0,Uranium
ThermalPower,Region9Shanghai_nuclear,TRUE,TRUE,TRUE,FALSE,TRUE,FALSE,TRUE,FALSE,50,FALSE,24,-1,27800,0,24,Electricity,200,50,0,elec_Region9Shanghai,0.664444444,77273.7983,TRUE,TRUE,TRUE,TRUE,TRUE,0,0,0,0.5,0.039,TRUE,3055.555556,uranium_source,Uranium,CO2,co2_sink_9,3.03,0,Uranium
ThermalPower,Region10Jiangsu_nuclear,TRUE,TRUE,TRUE,FALSE,TRUE,FALSE,TRUE,FALSE,50,FALSE,24,-1,27800,5490,24,Electricity,200,50,0,elec_Region10Jiangsu,0.664444444,77273.7983,TRUE,TRUE,TRUE,TRUE,TRUE,0,0,0,0.5,0.039,TRUE,3055.555556,uranium_source,Uranium,CO2,co2_sink_10,3.03,0,Uranium
ThermalPower,Region11Zhejiang_nuclear,TRUE,TRUE,TRUE,FALSE,TRUE,FALSE,TRUE,FALSE,50,FALSE,24,-1,27800,9086,24,Electricity,200,50,0,elec_Region11Zhejiang,0.664444444,77273.7983,TRUE,TRUE,TRUE,TRUE,TRUE,0,0,0,0.5,0.039,TRUE,3055.555556,uranium_source,Uranium,CO2,co2_sink_11,3.03,0,Uranium
ThermalPower,Region12Anhui_nuclear,TRUE,TRUE,TRUE,FALSE,TRUE,FALSE,TRUE,FALSE,50,FALSE,24,-1,27800,0,24,Electricity,200,50,0,elec_Region12Anhui,0.664444444,77273.7983,TRUE,TRUE,TRUE,TRUE,TRUE,0,0,0,0.5,0.039,TRUE,3055.555556,uranium_source,Uranium,CO2,co2_sink_12,3.03,0,Uranium
ThermalPower,Region13Fujian_nuclear,TRUE,TRUE,TRUE,FALSE,TRUE,FALSE,TRUE,FALSE,50,FALSE,24,-1,27800,8773,24,Electricity,200,50,0,elec_Region13Fujian,0.664444444,77273.7983,TRUE,TRUE,TRUE,TRUE,TRUE,0,0,0,0.5,0.039,TRUE,3055.555556,uranium_source,Uranium,CO2,co2_sink_13,3.03,0,Uranium
ThermalPower,Region14Jiangxi_nuclear,TRUE,TRUE,TRUE,FALSE,TRUE,FALSE,TRUE,FALSE,50,FALSE,24,-1,27800,0,24,Electricity,200,50,0,elec_Region14Jiangxi,0.664444444,77273.7983,TRUE,TRUE,TRUE,TRUE,TRUE,0,0,0,0.5,0.039,TRUE,3055.555556,uranium_source,Uranium,CO2,co2_sink_14,3.03,0,Uranium
ThermalPower,Region15Shandong_nuclear,TRUE,TRUE,TRUE,FALSE,TRUE,FALSE,TRUE,FALSE,50,FALSE,24,-1,27800,2506,24,Electricity,200,50,0,elec_Region15Shandong,0.664444444,77273.7983,TRUE,TRUE,TRUE,TRUE,TRUE,0,0,0,0.5,0.039,TRUE,3055.555556,uranium_source,Uranium,CO2,co2_sink_15,3.03,0,Uranium
ThermalPower,Region16Henan_nuclear,TRUE,TRUE,TRUE,FALSE,TRUE,FALSE,TRUE,FALSE,50,FALSE,24,-1,27800,0,24,Electricity,200,50,0,elec_Region16Henan,0.664444444,77273.7983,TRUE,TRUE,TRUE,TRUE,TRUE,0,0,0,0.5,0.039,TRUE,3055.555556,uranium_source,Uranium,CO2,co2_sink_16,3.03,0,Uranium
ThermalPower,Region17Hubei_nuclear,TRUE,TRUE,TRUE,FALSE,TRUE,FALSE,TRUE,FALSE,50,FALSE,24,-1,27800,0,24,Electricity,200,50,0,elec_Region17Hubei,0.664444444,77273.7983,TRUE,TRUE,TRUE,TRUE,TRUE,0,0,0,0.5,0.039,TRUE,3055.555556,uranium_source,Uranium,CO2,co2_sink_17,3.03,0,Uranium
ThermalPower,Region18Hunan_nuclear,TRUE,TRUE,TRUE,FALSE,TRUE,FALSE,TRUE,FALSE,50,FALSE,24,-1,27800,0,24,Electricity,200,50,0,elec_Region18Hunan,0.664444444,77273.7983,TRUE,TRUE,TRUE,TRUE,TRUE,0,0,0,0.5,0.039,TRUE,3055.555556,uranium_source,Uranium,CO2,co2_sink_18,3.03,0,Uranium
ThermalPower,Region19Guangdong_nuclear,TRUE,TRUE,TRUE,FALSE,TRUE,FALSE,TRUE,FALSE,50,FALSE,24,-1,27800,16136,24,Electricity,200,50,0,elec_Region19Guangdong,0.664444444,77273.7983,TRUE,TRUE,TRUE,TRUE,TRUE,0,0,0,0.5,0.039,TRUE,3055.555556,uranium_source,Uranium,CO2,co2_sink_19,3.03,0,Uranium
ThermalPower,Region20Guangxi_nuclear,TRUE,TRUE,TRUE,FALSE,TRUE,FALSE,TRUE,FALSE,50,FALSE,24,-1,27800,2172,24,Electricity,200,50,0,elec_Region20Guangxi,0.664444444,77273.7983,TRUE,TRUE,TRUE,TRUE,TRUE,0,0,0,0.5,0.039,TRUE,3055.555556,uranium_source,Uranium,CO2,co2_sink_20,3.03,0,Uranium
ThermalPower,Region21Hainan_nuclear,TRUE,TRUE,TRUE,FALSE,TRUE,FALSE,TRUE,FALSE,50,FALSE,24,-1,27800,1300,24,Electricity,200,50,0,elec_Region21Hainan,0.664444444,77273.7983,TRUE,TRUE,TRUE,TRUE,TRUE,0,0,0,0.5,0.039,TRUE,3055.555556,uranium_source,Uranium,CO2,co2_sink_21,3.03,0,Uranium
ThermalPower,Region22Chongqing_nuclear,TRUE,TRUE,TRUE,FALSE,TRUE,FALSE,TRUE,FALSE,50,FALSE,24,-1,27800,0,24,Electricity,200,50,0,elec_Region22Chongqing,0.664444444,77273.7983,TRUE,TRUE,TRUE,TRUE,TRUE,0,0,0,0.5,0.039,TRUE,3055.555556,uranium_source,Uranium,CO2,co2_sink_22,3.03,0,Uranium
ThermalPower,Region23Sichuan_nuclear,TRUE,TRUE,TRUE,FALSE,TRUE,FALSE,TRUE,FALSE,50,FALSE,24,-1,27800,0,24,Electricity,200,50,0,elec_Region23Sichuan,0.664444444,77273.7983,TRUE,TRUE,TRUE,TRUE,TRUE,0,0,0,0.5,0.039,TRUE,3055.555556,uranium_source,Uranium,CO2,co2_sink_23,3.03,0,Uranium
ThermalPower,Region24Guizhou_nuclear,TRUE,TRUE,TRUE,FALSE,TRUE,FALSE,TRUE,FALSE,50,FALSE,24,-1,27800,0,24,Electricity,200,50,0,elec_Region24Guizhou,0.664444444,77273.7983,TRUE,TRUE,TRUE,TRUE,TRUE,0,0,0,0.5,0.039,TRUE,3055.555556,uranium_source,Uranium,CO2,co2_sink_24,3.03,0,Uranium
ThermalPower,Region25Yunnan_nuclear,TRUE,TRUE,TRUE,FALSE,TRUE,FALSE,TRUE,FALSE,50,FALSE,24,-1,27800,0,24,Electricity,200,50,0,elec_Region25Yunnan,0.664444444,77273.7983,TRUE,TRUE,TRUE,TRUE,TRUE,0,0,0,0.5,0.039,TRUE,3055.555556,uranium_source,Uranium,CO2,co2_sink_25,3.03,0,Uranium
ThermalPower,Region26Tibet_nuclear,TRUE,TRUE,TRUE,FALSE,TRUE,FALSE,TRUE,FALSE,50,FALSE,24,-1,27800,0,24,Electricity,200,50,0,elec_Region26Tibet,0.664444444,77273.7983,TRUE,TRUE,TRUE,TRUE,TRUE,0,0,0,0.5,0.039,TRUE,3055.555556,uranium_source,Uranium,CO2,co2_sink_26,3.03,0,Uranium
ThermalPower,Region27Shaanxi_nuclear,TRUE,TRUE,TRUE,FALSE,TRUE,FALSE,TRUE,FALSE,50,FALSE,24,-1,27800,0,24,Electricity,200,50,0,elec_Region27Shaanxi,0.664444444,77273.7983,TRUE,TRUE,TRUE,TRUE,TRUE,0,0,0,0.5,0.039,TRUE,3055.555556,uranium_source,Uranium,CO2,co2_sink_27,3.03,0,Uranium
ThermalPower,Region28Gansu_nuclear,TRUE,TRUE,TRUE,FALSE,TRUE,FALSE,TRUE,FALSE,50,FALSE,24,-1,27800,0,24,Electricity,200,50,0,elec_Region28Gansu,0.664444444,77273.7983,TRUE,TRUE,TRUE,TRUE,TRUE,0,0,0,0.5,0.039,TRUE,3055.555556,uranium_source,Uranium,CO2,co2_sink_28,3.03,0,Uranium
ThermalPower,Region29Qinghai_nuclear,TRUE,TRUE,TRUE,FALSE,TRUE,FALSE,TRUE,FALSE,50,FALSE,24,-1,27800,0,24,Electricity,200,50,0,elec_Region29Qinghai,0.664444444,77273.7983,TRUE,TRUE,TRUE,TRUE,TRUE,0,0,0,0.5,0.039,TRUE,3055.555556,uranium_source,Uranium,CO2,co2_sink_29,3.03,0,Uranium
ThermalPower,Region30Ningxia_nuclear,TRUE,TRUE,TRUE,FALSE,TRUE,FALSE,TRUE,FALSE,50,FALSE,24,-1,27800,0,24,Electricity,200,50,0,elec_Region30Ningxia,0.664444444,77273.7983,TRUE,TRUE,TRUE,TRUE,TRUE,0,0,0,0.5,0.039,TRUE,3055.555556,uranium_source,Uranium,CO2,co2_sink_30,3.03,0,Uranium
ThermalPower,Region31Xinjiang_nuclear,TRUE,TRUE,TRUE,FALSE,TRUE,FALSE,TRUE,FALSE,50,FALSE,24,-1,27800,0,24,Electricity,200,50,0,elec_Region31Xinjiang,0.664444444,77273.7983,TRUE,TRUE,TRUE,TRUE,TRUE,0,0,0,0.5,0.039,TRUE,3055.555556,uranium_source,Uranium,CO2,co2_sink_31,3.03,0,Uranium