Type,id,fuel_commodity,edges--elec_edge--type,edges--fuel_edge--type,edges--co2_emissions_edge--type,edges--co2_captured_edge--type,edges--co2_captured_edge--end_vertex,edges--cement_edge--end_vertex,edges--cement_edge--can_retire,edges--cement_edge--fixed_om_cost,edges--cement_edge--variable_om_cost,edges--cement_edge--type,edges--cement_edge--investment_cost,edges--cement_edge--capacity_size,edges--cement_edge--can_expand,edges--cement_edge--can_retrofit,edges--cement_edge--has_capacity,transforms--constraints--BalanceConstraint,transforms--fuel_emission_rate,transforms--id,transforms--timedata,transforms--emission_capture_rate,transforms--fuel_consumption_rate,transforms--process_emission_rate,transforms--elec_consumption_rate,edges--elec_edge--start_vertex,edges--fuel_edge--start_vertex,edges--co2_emissions_edge--end_vertex,edges--cement_edge--existing_capacity
CementPlant,tradcement_Region1Beijing,Coal,Electricity,Cement,CO2,CO2Captured,co2_captured_sink,cement_Region1Beijing,true,38,0,Cement,220939,125,true,true,true,true,0.296,traditional_cement,Cement,0,0.9311,0.536,0.07,elec_Region1Beijing,coal_Region1Beijing,co2_sink_1,3938
CementPlant,tradcement_Region2Tianjin,Coal,Electricity,Cement,CO2,CO2Captured,co2_captured_sink,cement_Region2Tianjin,true,38,0,Cement,220939,125,true,true,true,true,0.296,traditional_cement,Cement,0,0.9311,0.536,0.07,elec_Region2Tianjin,coal_Region2Tianjin,co2_sink_2,2626
CementPlant,tradcement_Region3Hebei,Coal,Electricity,Cement,CO2,CO2Captured,co2_captured_sink,cement_Region3Hebei,true,38,0,Cement,220939,125,true,true,true,true,0.296,traditional_cement,Cement,0,0.9311,0.536,0.07,elec_Region3Hebei,coal_Region3Hebei,co2_sink_3,24623
CementPlant,tradcement_Region4Shanxi,Coal,Electricity,Cement,CO2,CO2Captured,co2_captured_sink,cement_Region4Shanxi,true,38,0,Cement,220939,125,true,true,true,true,0.296,traditional_cement,Cement,0,0.9311,0.536,0.07,elec_Region4Shanxi,coal_Region4Shanxi,co2_sink_4,17945
CementPlant,tradcement_Region5Innermongolia,Coal,Electricity,Cement,CO2,CO2Captured,co2_captured_sink,cement_Region5Innermongolia,true,38,0,Cement,220939,125,true,true,true,true,0.296,traditional_cement,Cement,0,0.9311,0.536,0.07,elec_Region5Innermongolia,coal_Region5Innermongolia,co2_sink_5,18776
CementPlant,tradcement_Region6Liaoning,Coal,Electricity,Cement,CO2,CO2Captured,co2_captured_sink,cement_Region6Liaoning,true,38,0,Cement,220939,125,true,true,true,true,0.296,traditional_cement,Cement,0,0.9311,0.536,0.07,elec_Region6Liaoning,coal_Region6Liaoning,co2_sink_6,23721
CementPlant,tradcement_Region7Jilin,Coal,Electricity,Cement,CO2,CO2Captured,co2_captured_sink,cement_Region7Jilin,true,38,0,Cement,220939,125,true,true,true,true,0.296,traditional_cement,Cement,0,0.9311,0.536,0.07,elec_Region7Jilin,coal_Region7Jilin,co2_sink_7,5616
CementPlant,tradcement_Region8Heilongjiang,Coal,Electricity,Cement,CO2,CO2Captured,co2_captured_sink,cement_Region8Heilongjiang,true,38,0,Cement,220939,125,true,true,true,true,0.296,traditional_cement,Cement,0,0.9311,0.536,0.07,elec_Region8Heilongjiang,coal_Region8Heilongjiang,co2_sink_8,5090
CementPlant,tradcement_Region9Shanghai,Coal,Electricity,Cement,CO2,CO2Captured,co2_captured_sink,cement_Region9Shanghai,true,38,0,Cement,220939,125,true,true,true,true,0.296,traditional_cement,Cement,0,0.9311,0.536,0.07,elec_Region9Shanghai,coal_Region9Shanghai,co2_sink_9,502
CementPlant,tradcement_Region10Jiangsu,Coal,Electricity,Cement,CO2,CO2Captured,co2_captured_sink,cement_Region10Jiangsu,true,38,0,Cement,220939,125,true,true,true,true,0.296,traditional_cement,Cement,0,0.9311,0.536,0.07,elec_Region10Jiangsu,coal_Region10Jiangsu,co2_sink_10,16878
CementPlant,tradcement_Region11Zhejiang,Coal,Electricity,Cement,CO2,CO2Captured,co2_captured_sink,cement_Region11Zhejiang,true,38,0,Cement,220939,125,true,true,true,true,0.296,traditional_cement,Cement,0,0.9311,0.536,0.07,elec_Region11Zhejiang,coal_Region11Zhejiang,co2_sink_11,27894
CementPlant,tradcement_Region12Anhui,Coal,Electricity,Cement,CO2,CO2Captured,co2_captured_sink,cement_Region12Anhui,true,38,0,Cement,220939,125,true,true,true,true,0.296,traditional_cement,Cement,0,0.9311,0.536,0.07,elec_Region12Anhui,coal_Region12Anhui,co2_sink_12,23356
CementPlant,tradcement_Region13Fujian,Coal,Electricity,Cement,CO2,CO2Captured,co2_captured_sink,cement_Region13Fujian,true,38,0,Cement,220939,125,true,true,true,true,0.296,traditional_cement,Cement,0,0.9311,0.536,0.07,elec_Region13Fujian,coal_Region13Fujian,co2_sink_13,13711
CementPlant,tradcement_Region14Jiangxi,Coal,Electricity,Cement,CO2,CO2Captured,co2_captured_sink,cement_Region14Jiangxi,true,38,0,Cement,220939,125,true,true,true,true,0.296,traditional_cement,Cement,0,0.9311,0.536,0.07,elec_Region14Jiangxi,coal_Region14Jiangxi,co2_sink_14,21427
CementPlant,tradcement_Region15Shandong,Coal,Electricity,Cement,CO2,CO2Captured,co2_captured_sink,cement_Region15Shandong,true,38,0,Cement,220939,125,true,true,true,true,0.296,traditional_cement,Cement,0,0.9311,0.536,0.07,elec_Region15Shandong,coal_Region15Shandong,co2_sink_15,34844
CementPlant,tradcement_Region16Henan,Coal,Electricity,Cement,CO2,CO2Captured,co2_captured_sink,cement_Region16Henan,true,38,0,Cement,220939,125,true,true,true,true,0.296,traditional_cement,Cement,0,0.9311,0.536,0.07,elec_Region16Henan,coal_Region16Henan,co2_sink_16,27689
CementPlant,tradcement_Region17Hubei,Coal,Electricity,Cement,CO2,CO2Captured,co2_captured_sink,cement_Region17Hubei,true,38,0,Cement,220939,125,true,true,true,true,0.296,traditional_cement,Cement,0,0.9311,0.536,0.07,elec_Region17Hubei,coal_Region17Hubei,co2_sink_17,20720
CementPlant,tradcement_Region18Hunan,Coal,Electricity,Cement,CO2,CO2Captured,co2_captured_sink,cement_Region18Hunan,true,38,0,Cement,220939,125,true,true,true,true,0.296,traditional_cement,Cement,0,0.9311,0.536,0.07,elec_Region18Hunan,coal_Region18Hunan,co2_sink_18,19341
CementPlant,tradcement_Region19Guangdong,Coal,Electricity,Cement,CO2,CO2Captured,co2_captured_sink,cement_Region19Guangdong,true,38,0,Cement,220939,125,true,true,true,true,0.296,traditional_cement,Cement,0,0.9311,0.536,0.07,elec_Region19Guangdong,coal_Region19Guangdong,co2_sink_19,15023
CementPlant,tradcement_Region20Guangxi,Coal,Electricity,Cement,CO2,CO2Captured,co2_captured_sink,cement_Region20Guangxi,true,38,0,Cement,220939,125,true,true,true,true,0.296,traditional_cement,Cement,0,0.9311,0.536,0.07,elec_Region20Guangxi,coal_Region20Guangxi,co2_sink_20,17745
CementPlant,tradcement_Region21Hainan,Coal,Electricity,Cement,CO2,CO2Captured,co2_captured_sink,cement_Region21Hainan,true,38,0,Cement,220939,125,true,true,true,true,0.296,traditional_cement,Cement,0,0.9311,0.536,0.07,elec_Region21Hainan,coal_Region21Hainan,co2_sink_21,2647
CementPlant,tradcement_Region22Chongqing,Coal,Electricity,Cement,CO2,CO2Captured,co2_captured_sink,cement_Region22Chongqing,true,38,0,Cement,220939,125,true,true,true,true,0.296,traditional_cement,Cement,0,0.9311,0.536,0.07,elec_Region22Chongqing,coal_Region22Chongqing,co2_sink_22,9235
CementPlant,tradcement_Region23Sichuan,Coal,Electricity,Cement,CO2,CO2Captured,co2_captured_sink,cement_Region23Sichuan,true,38,0,Cement,220939,125,true,true,true,true,0.296,traditional_cement,Cement,0,0.9311,0.536,0.07,elec_Region23Sichuan,coal_Region23Sichuan,co2_sink_23,27350
CementPlant,tradcement_Region24Guizhou,Coal,Electricity,Cement,CO2,CO2Captured,co2_captured_sink,cement_Region24Guizhou,true,38,0,Cement,220939,125,true,true,true,true,0.296,traditional_cement,Cement,0,0.9311,0.536,0.07,elec_Region24Guizhou,coal_Region24Guizhou,co2_sink_24,14516
CementPlant,tradcement_Region25Yunnan,Coal,Electricity,Cement,CO2,CO2Captured,co2_captured_sink,cement_Region25Yunnan,true,38,0,Cement,220939,125,true,true,true,true,0.296,traditional_cement,Cement,0,0.9311,0.536,0.07,elec_Region25Yunnan,coal_Region25Yunnan,co2_sink_25,14360
CementPlant,tradcement_Region26Tibet,Coal,Electricity,Cement,CO2,CO2Captured,co2_captured_sink,cement_Region26Tibet,true,38,0,Cement,220939,125,true,true,true,true,0.296,traditional_cement,Cement,0,0.9311,0.536,0.07,elec_Region26Tibet,coal_Region26Tibet,co2_sink_26,582
CementPlant,tradcement_Region27Shaanxi,Coal,Electricity,Cement,CO2,CO2Captured,co2_captured_sink,cement_Region27Shaanxi,true,38,0,Cement,220939,125,true,true,true,true,0.296,traditional_cement,Cement,0,0.9311,0.536,0.07,elec_Region27Shaanxi,coal_Region27Shaanxi,co2_sink_27,14087
CementPlant,tradcement_Region28Gansu,Coal,Electricity,Cement,CO2,CO2Captured,co2_captured_sink,cement_Region28Gansu,true,38,0,Cement,220939,125,true,true,true,true,0.296,traditional_cement,Cement,0,0.9311,0.536,0.07,elec_Region28Gansu,coal_Region28Gansu,co2_sink_28,11628
CementPlant,tradcement_Region29Qinghai,Coal,Electricity,Cement,CO2,CO2Captured,co2_captured_sink,cement_Region29Qinghai,true,38,0,Cement,220939,125,true,true,true,true,0.296,traditional_cement,Cement,0,0.9311,0.536,0.07,elec_Region29Qinghai,coal_Region29Qinghai,co2_sink_29,4384
CementPlant,tradcement_Region30Ningxia,Coal,Electricity,Cement,CO2,CO2Captured,co2_captured_sink,cement_Region30Ningxia,true,38,0,Cement,220939,125,true,true,true,true,0.296,traditional_cement,Cement,0,0.9311,0.536,0.07,elec_Region30Ningxia,coal_Region30Ningxia,co2_sink_30,4155
CementPlant,tradcement_Region31Xinjiang,Coal,Electricity,Cement,CO2,CO2Captured,co2_captured_sink,cement_Region31Xinjiang,true,38,0,Cement,220939,125,true,true,true,true,0.296,traditional_cement,Cement,0,0.9311,0.536,0.07,elec_Region31Xinjiang,coal_Region31Xinjiang,co2_sink_31,15875
