Type,id,edges--transmission_edge--capital_recovery_period,edges--transmission_edge--unidirectional,edges--transmission_edge--commodity,edges--transmission_edge--wacc,edges--transmission_edge--lifetime,edges--transmission_edge--has_capacity,edges--transmission_edge--max_capacity,edges--transmission_edge--constraints--MaxCapacityConstraint,edges--transmission_edge--constraints--CapacityConstraint,edges--transmission_edge--constraints--MaxNewCapacityConstraint,edges--transmission_edge--can_retire,edges--transmission_edge--loss_fraction,edges--transmission_edge--max_new_capacity,edges--transmission_edge--existing_capacity,edges--transmission_edge--investment_cost,edges--transmission_edge--start_vertex,edges--transmission_edge--can_expand,edges--transmission_edge--end_vertex
TransmissionLink,Line1ExistingAC_Region4Shanxi_to_Region16Henan,100,false,Electricity,0.062,100,true,5000,true,true,true,false,0.015,0,5000,9818.906776,elec_Region4Shanxi,false,elec_Region16Henan
TransmissionLink,Line2ExistingAC_Region16Henan_to_Region17Hubei,100,false,Electricity,0.062,100,true,5000,true,true,true,false,0.015,0,5000,8758.914335,elec_Region16Henan,false,elec_Region17Hubei
TransmissionLink,Line3ExistingAC_Region12Anhui_to_Region11Zhejiang,100,false,Electricity,0.062,100,true,10000,true,true,true,false,0.02,0,10000,11824.84184,elec_Region12Anhui,false,elec_Region11Zhejiang
TransmissionLink,Line4ExistingAC_Region11Zhejiang_to_Region9Shanghai,100,false,Electricity,0.062,100,true,10000,true,true,true,false,0.02,0,10000,6806.649775,elec_Region11Zhejiang,false,elec_Region9Shanghai
TransmissionLink,Line5ExistingAC_Region12Anhui_to_Region10Jiangsu,100,false,Electricity,0.062,100,true,11000,true,true,true,false,0.02,0,11000,10156.78699,elec_Region12Anhui,false,elec_Region10Jiangsu
TransmissionLink,Line6ExistingAC_Region10Jiangsu_to_Region9Shanghai,100,false,Electricity,0.062,100,true,11000,true,true,true,false,0.02,0,11000,9267.564333,elec_Region10Jiangsu,false,elec_Region9Shanghai
TransmissionLink,Line7ExistingAC_Region11Zhejiang_to_Region13Fujian,100,false,Electricity,0.062,100,true,10500,true,true,true,false,0.02,0,10500,12667.27706,elec_Region11Zhejiang,false,elec_Region13Fujian
TransmissionLink,Line8ExistingAC_Region5Innermongolia_to_Region3Hebei,100,false,Electricity,0.062,100,true,10000,true,true,true,false,0.02,0,10000,11952.30928,elec_Region5Innermongolia,false,elec_Region3Hebei
TransmissionLink,Line9ExistingAC_Region3Hebei_to_Region2Tianjin,100,false,Electricity,0.062,100,true,10000,true,true,true,false,0.02,0,10000,7215.887363,elec_Region3Hebei,false,elec_Region2Tianjin
TransmissionLink,Line10ExistingAC_Region2Tianjin_to_Region15Shandong,100,false,Electricity,0.062,100,true,10000,true,true,true,false,0.02,0,10000,8691.826206,elec_Region2Tianjin,false,elec_Region15Shandong
TransmissionLink,Line11ExistingAC_Region5Innermongolia_to_Region4Shanxi,100,false,Electricity,0.062,100,true,10000,true,true,true,false,0.02,0,10000,7430.569377,elec_Region5Innermongolia,false,elec_Region4Shanxi
TransmissionLink,Line12ExistingAC_Region4Shanxi_to_Region3Hebei,100,false,Electricity,0.062,100,true,10000,true,true,true,false,0.02,0,10000,8329.550308,elec_Region4Shanxi,false,elec_Region3Hebei
TransmissionLink,Line13ExistingAC_Region3Hebei_to_Region2Tianjin,100,false,Electricity,0.062,100,true,10000,true,true,true,false,0.02,0,10000,7269.557867,elec_Region3Hebei,false,elec_Region2Tianjin
TransmissionLink,Line14ExistingAC_Region27Shaanxi_to_Region4Shanxi,100,false,Electricity,0.062,100,true,10000,true,true,true,false,0.02,0,10000,8651.573328,elec_Region27Shaanxi,false,elec_Region4Shanxi
TransmissionLink,Line15ExistingAC_Region4Shanxi_to_Region3Hebei,100,false,Electricity,0.062,100,true,10000,true,true,true,false,0.02,0,10000,8423.473689,elec_Region4Shanxi,false,elec_Region3Hebei
TransmissionLink,Line16ExistingAC_Region3Hebei_to_Region15Shandong,100,false,Electricity,0.062,100,true,10000,true,true,true,false,0.02,0,10000,11887.90468,elec_Region3Hebei,false,elec_Region15Shandong
TransmissionLink,Line17ExistingAC_Region3Hebei_to_Region1Beijing,100,false,Electricity,0.062,100,true,10000,true,true,true,false,0.02,0,10000,8020.944914,elec_Region3Hebei,false,elec_Region1Beijing
TransmissionLink,Line18ExistingAC_Region3Hebei_to_Region1Beijing,100,false,Electricity,0.062,100,true,10000,true,true,true,false,0.02,0,10000,9188.278362,elec_Region3Hebei,false,elec_Region1Beijing
TransmissionLink,Line19ExistingAC_Region15Shandong_to_Region3Hebei,100,false,Electricity,0.062,100,true,10000,true,true,true,false,0.02,0,10000,16012.48286,elec_Region15Shandong,false,elec_Region3Hebei
TransmissionLink,Line20ExistingAC_Region5Innermongolia_to_Region4Shanxi,100,false,Electricity,0.062,100,true,10000,true,true,true,false,0.02,0,10000,9094.354981,elec_Region5Innermongolia,false,elec_Region4Shanxi
TransmissionLink,Line21ExistingAC_Region24Guizhou_to_Region20Guangxi,100,false,Electricity,0.062,100,true,4800,true,true,true,false,0.02,0,4800,18466.7064,elec_Region24Guizhou,false,elec_Region20Guangxi
TransmissionLink,Line22ExistingAC_Region20Guangxi_to_Region19Guangdong,100,false,Electricity,0.062,100,true,4800,true,true,true,false,0.02,0,4800,18466.7064,elec_Region20Guangxi,false,elec_Region19Guangdong
TransmissionLink,Line23ExistingAC_Region24Guizhou_to_Region20Guangxi,100,false,Electricity,0.062,100,true,2400,true,true,true,false,0.02,0,2400,22116.17639,elec_Region24Guizhou,false,elec_Region20Guangxi
TransmissionLink,Line24ExistingAC_Region25Yunnan_to_Region20Guangxi,100,false,Electricity,0.062,100,true,2400,true,true,true,false,0.02,0,2400,8248.190422,elec_Region25Yunnan,false,elec_Region20Guangxi
TransmissionLink,Line25ExistingAC_Region19Guangdong_to_Region21Hainan,100,false,Electricity,0.062,100,true,1200,true,true,true,false,0.02,0,1200,10554.65546,elec_Region19Guangdong,false,elec_Region21Hainan
TransmissionLink,Line26ExistingAC_Region5Innermongolia_to_Region3Hebei,100,false,Electricity,0.062,100,true,4000,true,true,true,false,0.02,0,4000,12029.04133,elec_Region5Innermongolia,false,elec_Region3Hebei
TransmissionLink,Line27ExistingAC_Region3Hebei_to_Region16Henan,100,false,Electricity,0.062,100,true,1000,true,true,true,false,0.02,0,1000,3554.972013,elec_Region3Hebei,false,elec_Region16Henan
TransmissionLink,Line28ExistingAC_Region4Shanxi_to_Region10Jiangsu,100,false,Electricity,0.062,100,true,2000,true,true,true,false,0.03,0,2000,13167.67597,elec_Region4Shanxi,false,elec_Region10Jiangsu
TransmissionLink,Line29ExistingAC_Region27Shaanxi_to_Region3Hebei,100,false,Electricity,0.062,100,true,2000,true,true,true,false,0.025,0,2000,11656.79539,elec_Region27Shaanxi,false,elec_Region3Hebei
TransmissionLink,Line30ExistingAC_Region27Shaanxi_to_Region3Hebei,100,false,Electricity,0.062,100,true,2000,true,true,true,false,0.025,0,2000,11656.79539,elec_Region27Shaanxi,false,elec_Region3Hebei
TransmissionLink,Line31ExistingAC_Region24Guizhou_to_Region18Hunan,100,false,Electricity,0.062,100,true,1500,true,true,true,false,0.02,0,1500,7660.392808,elec_Region24Guizhou,false,elec_Region18Hunan
TransmissionLink,Line32ExistingAC_Region24Guizhou_to_Region18Hunan,100,false,Electricity,0.062,100,true,1000,true,true,true,false,0.02,0,1000,7660.392808,elec_Region24Guizhou,false,elec_Region18Hunan
TransmissionLink,Line33ExistingAC_Region23Sichuan_to_Region26Tibet,100,false,Electricity,0.062,100,true,600,true,true,true,false,0.02,0,600,38867.24365,elec_Region23Sichuan,false,elec_Region26Tibet
TransmissionLink,Line34ExistingAC_Region27Shaanxi_to_Region28Gansu,100,false,Electricity,0.062,100,true,5000,true,true,true,false,0.0083,0,5000,10317.12931,elec_Region27Shaanxi,false,elec_Region28Gansu
TransmissionLink,Line35ExistingAC_Region27Shaanxi_to_Region28Gansu,100,false,Electricity,0.062,100,true,5000,true,true,true,false,0.0083,0,5000,7985.816824,elec_Region27Shaanxi,false,elec_Region28Gansu
TransmissionLink,Line36ExistingAC_Region28Gansu_to_Region30Ningxia,100,false,Electricity,0.062,100,true,5000,true,true,true,false,0.0083,0,5000,8672.258835,elec_Region28Gansu,false,elec_Region30Ningxia
TransmissionLink,Line37ExistingAC_Region28Gansu_to_Region30Ningxia,100,false,Electricity,0.062,100,true,5000,true,true,true,false,0.0083,0,5000,5938.147354,elec_Region28Gansu,false,elec_Region30Ningxia
TransmissionLink,Line38ExistingAC_Region28Gansu_to_Region29Qinghai,100,false,Electricity,0.062,100,true,5000,true,true,true,false,0.0083,0,5000,8555.69321,elec_Region28Gansu,false,elec_Region29Qinghai
TransmissionLink,Line39ExistingAC_Region28Gansu_to_Region29Qinghai,100,false,Electricity,0.062,100,true,5000,true,true,true,false,0.0083,0,5000,8307.019878,elec_Region28Gansu,false,elec_Region29Qinghai
TransmissionLink,Line40ExistingAC_Region28Gansu_to_Region29Qinghai,100,false,Electricity,0.062,100,true,5000,true,true,true,false,0.0083,0,5000,10305.73179,elec_Region28Gansu,false,elec_Region29Qinghai
TransmissionLink,Line41ExistingAC_Region28Gansu_to_Region31Xinjiang,100,false,Electricity,0.062,100,true,5000,true,true,true,false,0.0083,0,5000,11547.54424,elec_Region28Gansu,false,elec_Region31Xinjiang
TransmissionLink,Line42ExistingAC_Region28Gansu_to_Region31Xinjiang,100,false,Electricity,0.062,100,true,5000,true,true,true,false,0.0083,0,5000,12487.84028,elec_Region28Gansu,false,elec_Region31Xinjiang
TransmissionLink,Line43ExistingAC_Region5Innermongolia_to_Region8Heilongjiang,100,false,Electricity,0.062,100,true,2400,true,true,true,false,0.0192,0,2400,6166.167792,elec_Region5Innermongolia,false,elec_Region8Heilongjiang
TransmissionLink,Line44ExistingAC_Region5Innermongolia_to_Region7Jilin,100,false,Electricity,0.062,100,true,3600,true,true,true,false,0.0192,0,3600,6166.167792,elec_Region5Innermongolia,false,elec_Region7Jilin
TransmissionLink,Line45ExistingAC_Region5Innermongolia_to_Region6Liaoning,100,false,Electricity,0.062,100,true,7200,true,true,true,false,0.0192,0,7200,6166.167792,elec_Region5Innermongolia,false,elec_Region6Liaoning
TransmissionLink,Line46ExistingAC_Region8Heilongjiang_to_Region7Jilin,100,false,Electricity,0.062,100,true,4800,true,true,true,false,0.0192,0,4800,6166.167792,elec_Region8Heilongjiang,false,elec_Region7Jilin
TransmissionLink,Line47ExistingAC_Region7Jilin_to_Region6Liaoning,100,false,Electricity,0.062,100,true,4800,true,true,true,false,0.0192,0,4800,6166.167792,elec_Region7Jilin,false,elec_Region6Liaoning
TransmissionLink,Line48ExistingAC_Region12Anhui_to_Region10Jiangsu,100,false,Electricity,0.062,100,true,3600,true,true,true,false,0.0083,0,3600,3461.910528,elec_Region12Anhui,false,elec_Region10Jiangsu
TransmissionLink,Line49ExistingAC_Region12Anhui_to_Region11Zhejiang,100,false,Electricity,0.062,100,true,4800,true,true,true,false,0.0083,0,4800,3461.910528,elec_Region12Anhui,false,elec_Region11Zhejiang
TransmissionLink,Line50ExistingAC_Region10Jiangsu_to_Region11Zhejiang,100,false,Electricity,0.062,100,true,3600,true,true,true,false,0.0083,0,3600,3461.910528,elec_Region10Jiangsu,false,elec_Region11Zhejiang
TransmissionLink,Line51ExistingAC_Region11Zhejiang_to_Region13Fujian,100,false,Electricity,0.062,100,true,3600,true,true,true,false,0.0083,0,3600,3461.910528,elec_Region11Zhejiang,false,elec_Region13Fujian
TransmissionLink,Line52ExistingAC_Region11Zhejiang_to_Region9Shanghai,100,false,Electricity,0.062,100,true,3600,true,true,true,false,0.0083,0,3600,3461.910528,elec_Region11Zhejiang,false,elec_Region9Shanghai
TransmissionLink,Line53ExistingAC_Region10Jiangsu_to_Region9Shanghai,100,false,Electricity,0.062,100,true,3600,true,true,true,false,0.0083,0,3600,3461.910528,elec_Region10Jiangsu,false,elec_Region9Shanghai
TransmissionLink,Line54ExistingAC_Region16Henan_to_Region17Hubei,100,false,Electricity,0.062,100,true,4800,true,true,true,false,0.008,0,4800,5093.223614,elec_Region16Henan,false,elec_Region17Hubei
TransmissionLink,Line55ExistingAC_Region17Hubei_to_Region18Hunan,100,false,Electricity,0.062,100,true,3600,true,true,true,false,0.008,0,3600,5093.223614,elec_Region17Hubei,false,elec_Region18Hunan
TransmissionLink,Line56ExistingAC_Region17Hubei_to_Region14Jiangxi,100,false,Electricity,0.062,100,true,3600,true,true,true,false,0.008,0,3600,5093.223614,elec_Region17Hubei,false,elec_Region14Jiangxi
TransmissionLink,Line57ExistingAC_Region17Hubei_to_Region22Chongqing,100,false,Electricity,0.062,100,true,4800,true,true,true,false,0.008,0,4800,5093.223614,elec_Region17Hubei,false,elec_Region22Chongqing
TransmissionLink,Line58ExistingAC_Region23Sichuan_to_Region22Chongqing,100,false,Electricity,0.062,100,true,4800,true,true,true,false,0.008,0,4800,5093.223614,elec_Region23Sichuan,false,elec_Region22Chongqing
TransmissionLink,Line59ExistingAC_Region5Innermongolia_to_Region3Hebei,100,false,Electricity,0.062,100,true,4800,true,true,true,false,0.0134,0,4800,6124.198887,elec_Region5Innermongolia,false,elec_Region3Hebei
TransmissionLink,Line60ExistingAC_Region4Shanxi_to_Region3Hebei,100,false,Electricity,0.062,100,true,10800,true,true,true,false,0.0134,0,10800,6124.198887,elec_Region4Shanxi,false,elec_Region3Hebei
TransmissionLink,Line61ExistingAC_Region3Hebei_to_Region1Beijing,100,false,Electricity,0.062,100,true,7200,true,true,true,false,0.0134,0,7200,6124.198887,elec_Region3Hebei,false,elec_Region1Beijing
TransmissionLink,Line62ExistingAC_Region3Hebei_to_Region2Tianjin,100,false,Electricity,0.062,100,true,4800,true,true,true,false,0.0134,0,4800,6124.198887,elec_Region3Hebei,false,elec_Region2Tianjin
TransmissionLink,Line63ExistingAC_Region1Beijing_to_Region2Tianjin,100,false,Electricity,0.062,100,true,2400,true,true,true,false,0.0134,0,2400,3503.879433,elec_Region1Beijing,false,elec_Region2Tianjin
TransmissionLink,Line64ExistingAC_Region3Hebei_to_Region15Shandong,100,false,Electricity,0.062,100,true,4800,true,true,true,false,0.0134,0,4800,6124.198887,elec_Region3Hebei,false,elec_Region15Shandong
TransmissionLink,Line65ExistingAC_Region25Yunnan_to_Region20Guangxi,100,false,Electricity,0.062,100,true,2400,true,true,true,false,0.027,0,2400,5492.840578,elec_Region25Yunnan,false,elec_Region20Guangxi
TransmissionLink,Line66ExistingAC_Region20Guangxi_to_Region19Guangdong,100,false,Electricity,0.062,100,true,4800,true,true,true,false,0.027,0,4800,5492.840578,elec_Region20Guangxi,false,elec_Region19Guangdong
TransmissionLink,Line67ExistingAC_Region5Innermongolia_to_Region3Hebei,100,false,Electricity,0.062,100,true,6120,true,true,true,false,0.02,0,6120,6910.051425,elec_Region5Innermongolia,false,elec_Region3Hebei
TransmissionLink,Line68ExistingAC_Region5Innermongolia_to_Region3Hebei,100,false,Electricity,0.062,100,true,2520,true,true,true,false,0.02,0,2520,6631.996568,elec_Region5Innermongolia,false,elec_Region3Hebei
TransmissionLink,Line69ExistingAC_Region6Liaoning_to_Region3Hebei,100,false,Electricity,0.062,100,true,2000,true,true,true,false,0.01,0,2000,3270.313354,elec_Region6Liaoning,false,elec_Region3Hebei
TransmissionLink,Line70ExistingAC_Region5Innermongolia_to_Region3Hebei,100,false,Electricity,0.062,100,true,2520,true,true,true,false,0.02,0,2520,3955.718575,elec_Region5Innermongolia,false,elec_Region3Hebei
TransmissionLink,Line71ExistingAC_Region24Guizhou_to_Region22Chongqing,100,false,Electricity,0.062,100,true,2640,true,true,true,false,0.02,0,2640,3802.472432,elec_Region24Guizhou,false,elec_Region22Chongqing
TransmissionLink,Line72CandidateAC_Region17Hubei_to_Region16Henan,100,false,Electricity,0.062,100,true,20000,true,true,true,false,0.015,20000,0,12532.80796,elec_Region17Hubei,true,elec_Region16Henan
TransmissionLink,Line73CandidateAC_Region17Hubei_to_Region14Jiangxi,100,false,Electricity,0.062,100,true,20000,true,true,true,false,0.015,20000,0,11369.4998,elec_Region17Hubei,true,elec_Region14Jiangxi
TransmissionLink,Line74CandidateAC_Region14Jiangxi_to_Region18Hunan,100,false,Electricity,0.062,100,true,20000,true,true,true,false,0.015,20000,0,11275.57642,elec_Region14Jiangxi,true,elec_Region18Hunan
TransmissionLink,Line75CandidateAC_Region16Henan_to_Region17Hubei,100,false,Electricity,0.062,100,true,20000,true,true,true,false,0.015,20000,0,10716.06142,elec_Region16Henan,true,elec_Region17Hubei
TransmissionLink,Line76CandidateAC_Region15Shandong_to_Region16Henan,100,false,Electricity,0.062,100,true,20000,true,true,true,false,0.015,20000,0,11290.33581,elec_Region15Shandong,true,elec_Region16Henan
TransmissionLink,Line77CandidateAC_Region27Shaanxi_to_Region4Shanxi,100,false,Electricity,0.062,100,true,20000,true,true,true,false,0.015,20000,0,14903.70244,elec_Region27Shaanxi,true,elec_Region4Shanxi
TransmissionLink,Line78CandidateAC_Region4Shanxi_to_Region10Jiangsu,100,false,Electricity,0.062,100,true,20000,true,true,true,false,0.015,20000,0,16790.22064,elec_Region4Shanxi,true,elec_Region10Jiangsu
TransmissionLink,Line79CandidateAC_Region13Fujian_to_Region19Guangdong,100,false,Electricity,0.062,100,true,4800,true,true,true,false,0.025,4800,0,7316.488494,elec_Region13Fujian,true,elec_Region19Guangdong
TransmissionLink,Line80CandidateAC_Region14Jiangxi_to_Region13Fujian,100,false,Electricity,0.062,100,true,20000,true,true,true,false,0.015,20000,0,9592.612472,elec_Region14Jiangxi,true,elec_Region13Fujian
TransmissionLink,Line81CandidateAC_Region17Hubei_to_Region12Anhui,100,false,Electricity,0.062,100,true,20000,true,true,true,false,0.015,20000,0,8752.644064,elec_Region17Hubei,true,elec_Region12Anhui
TransmissionLink,Line82CandidateAC_Region14Jiangxi_to_Region11Zhejiang,100,false,Electricity,0.062,100,true,20000,true,true,true,false,0.015,20000,0,9646.570673,elec_Region14Jiangxi,true,elec_Region11Zhejiang
TransmissionLink,Line83CandidateAC_Region23Sichuan_to_Region22Chongqing,100,false,Electricity,0.062,100,true,20000,true,true,true,false,0.015,20000,0,8407.034675,elec_Region23Sichuan,true,elec_Region22Chongqing
TransmissionLink,Line84CandidateAC_Region27Shaanxi_to_Region22Chongqing,100,false,Electricity,0.062,100,true,20000,true,true,true,false,0.015,20000,0,10425.33043,elec_Region27Shaanxi,true,elec_Region22Chongqing
TransmissionLink,Line85CandidateAC_Region28Gansu_to_Region23Sichuan,100,false,Electricity,0.062,100,true,20000,true,true,true,false,0.015,20000,0,10619.3977,elec_Region28Gansu,true,elec_Region23Sichuan
TransmissionLink,Line86CandidateAC_Region28Gansu_to_Region27Shaanxi,100,false,Electricity,0.062,100,true,20000,true,true,true,false,0.015,20000,0,10059.04815,elec_Region28Gansu,true,elec_Region27Shaanxi
TransmissionLink,Line87CandidateAC_Region15Shandong_to_Region10Jiangsu,100,false,Electricity,0.062,100,true,20000,true,true,true,false,0.015,20000,0,10224.94261,elec_Region15Shandong,true,elec_Region10Jiangsu
TransmissionLink,Line88CandidateAC_Region31Xinjiang_to_Region29Qinghai,100,false,Electricity,0.062,100,true,20000,true,true,true,false,0.02,20000,0,16145.99546,elec_Region31Xinjiang,true,elec_Region29Qinghai
TransmissionLink,Line89CandidateAC_Region31Xinjiang_to_Region28Gansu,100,false,Electricity,0.062,100,true,20000,true,true,true,false,0.02,20000,0,17293.35447,elec_Region31Xinjiang,true,elec_Region28Gansu
TransmissionLink,Line90CandidateAC_Region29Qinghai_to_Region28Gansu,100,false,Electricity,0.062,100,true,20000,true,true,true,false,0.02,20000,0,8064.916151,elec_Region29Qinghai,true,elec_Region28Gansu
TransmissionLink,Line91CandidateAC_Region28Gansu_to_Region30Ningxia,100,false,Electricity,0.062,100,true,20000,true,true,true,false,0.02,20000,0,9130.181207,elec_Region28Gansu,true,elec_Region30Ningxia
TransmissionLink,Line92CandidateAC_Region4Shanxi_to_Region28Gansu,100,false,Electricity,0.062,100,true,20000,true,true,true,false,0.02,20000,0,12080.80157,elec_Region4Shanxi,true,elec_Region28Gansu
TransmissionLink,Line93CandidateAC_Region26Tibet_to_Region23Sichuan,100,false,Electricity,0.062,100,true,10000,true,true,true,false,0.015,10000,0,13312.57526,elec_Region26Tibet,true,elec_Region23Sichuan
TransmissionLink,Line94CandidateAC_Region23Sichuan_to_Region22Chongqing,100,false,Electricity,0.062,100,true,9600,true,true,true,false,0.025,9600,0,5161.675927,elec_Region23Sichuan,true,elec_Region22Chongqing
TransmissionLink,Line95CandidateAC_Region22Chongqing_to_Region17Hubei,100,false,Electricity,0.062,100,true,9600,true,true,true,false,0.025,9600,0,9611.780435,elec_Region22Chongqing,true,elec_Region17Hubei
TransmissionLink,Line96CandidateAC_Region17Hubei_to_Region18Hunan,100,false,Electricity,0.062,100,true,9600,true,true,true,false,0.025,9600,0,5339.495809,elec_Region17Hubei,true,elec_Region18Hunan
TransmissionLink,Line97CandidateAC_Region17Hubei_to_Region16Henan,100,false,Electricity,0.062,100,true,9600,true,true,true,false,0.025,9600,0,7063.723147,elec_Region17Hubei,true,elec_Region16Henan
TransmissionLink,Line98CandidateAC_Region17Hubei_to_Region14Jiangxi,100,false,Electricity,0.062,100,true,9600,true,true,true,false,0.025,9600,0,5054.977068,elec_Region17Hubei,true,elec_Region14Jiangxi
TransmissionLink,Line99CandidateAC_Region25Yunnan_to_Region24Guizhou,100,false,Electricity,0.062,100,true,9600,true,true,true,false,0.025,9600,0,6677.784253,elec_Region25Yunnan,true,elec_Region24Guizhou
TransmissionLink,Line100CandidateAC_Region24Guizhou_to_Region20Guangxi,100,false,Electricity,0.062,100,true,9600,true,true,true,false,0.025,9600,0,6793.311572,elec_Region24Guizhou,true,elec_Region20Guangxi
TransmissionLink,Line101CandidateAC_Region24Guizhou_to_Region19Guangdong,100,false,Electricity,0.062,100,true,9600,true,true,true,false,0.025,9600,0,9650.814825,elec_Region24Guizhou,true,elec_Region19Guangdong
TransmissionLink,Line102CandidateAC_Region20Guangxi_to_Region19Guangdong,100,false,Electricity,0.062,100,true,9600,true,true,true,false,0.025,9600,0,7312.642446,elec_Region20Guangxi,true,elec_Region19Guangdong
TransmissionLink,Line103CandidateAC_Region25Yunnan_to_Region20Guangxi,100,false,Electricity,0.062,100,true,9600,true,true,true,false,0.025,9600,0,8376.522493,elec_Region25Yunnan,true,elec_Region20Guangxi
TransmissionLink,Line104CandidateAC_Region19Guangdong_to_Region21Hainan,100,false,Electricity,0.062,100,true,9600,true,true,true,false,0.025,9600,0,6911.833677,elec_Region19Guangdong,true,elec_Region21Hainan
TransmissionLink,Line105CandidateAC_Region13Fujian_to_Region11Zhejiang,100,false,Electricity,0.062,100,true,9600,true,true,true,false,0.025,9600,0,7040.087498,elec_Region13Fujian,true,elec_Region11Zhejiang
TransmissionLink,Line106CandidateAC_Region12Anhui_to_Region11Zhejiang,100,false,Electricity,0.062,100,true,9600,true,true,true,false,0.025,9600,0,5737.627761,elec_Region12Anhui,true,elec_Region11Zhejiang
TransmissionLink,Line107CandidateAC_Region12Anhui_to_Region10Jiangsu,100,false,Electricity,0.062,100,true,9600,true,true,true,false,0.025,9600,0,4038.045853,elec_Region12Anhui,true,elec_Region10Jiangsu
TransmissionLink,Line108CandidateAC_Region5Innermongolia_to_Region3Hebei,100,false,Electricity,0.062,100,true,9600,true,true,true,false,0.025,9600,0,6320.830307,elec_Region5Innermongolia,true,elec_Region3Hebei
TransmissionLink,Line109CandidateAC_Region3Hebei_to_Region1Beijing,100,false,Electricity,0.062,100,true,9600,true,true,true,false,0.025,9600,0,5198.188129,elec_Region3Hebei,true,elec_Region1Beijing
TransmissionLink,Line110CandidateAC_Region3Hebei_to_Region2Tianjin,100,false,Electricity,0.062,100,true,9600,true,true,true,false,0.025,9600,0,5154.036721,elec_Region3Hebei,true,elec_Region2Tianjin
TransmissionLink,Line111CandidateAC_Region2Tianjin_to_Region1Beijing,100,false,Electricity,0.062,100,true,9600,true,true,true,false,0.025,9600,0,3714.217847,elec_Region2Tianjin,true,elec_Region1Beijing
TransmissionLink,Line112CandidateAC_Region4Shanxi_to_Region3Hebei,100,false,Electricity,0.062,100,true,19200,true,true,true,false,0.025,19200,0,4293.822839,elec_Region4Shanxi,true,elec_Region3Hebei
TransmissionLink,Line113CandidateAC_Region3Hebei_to_Region15Shandong,100,false,Electricity,0.062,100,true,9600,true,true,true,false,0.025,9600,0,5193.38774,elec_Region3Hebei,true,elec_Region15Shandong
TransmissionLink,Line114CandidateAC_Region7Jilin_to_Region6Liaoning,100,false,Electricity,0.062,100,true,9600,true,true,true,false,0.025,9600,0,5294.403035,elec_Region7Jilin,true,elec_Region6Liaoning
TransmissionLink,Line115CandidateAC_Region5Innermongolia_to_Region6Liaoning,100,false,Electricity,0.062,100,true,9600,true,true,true,false,0.025,9600,0,11712.23907,elec_Region5Innermongolia,true,elec_Region6Liaoning
TransmissionLink,Line116CandidateAC_Region8Heilongjiang_to_Region7Jilin,100,false,Electricity,0.062,100,true,9600,true,true,true,false,0.025,9600,0,4834.332795,elec_Region8Heilongjiang,true,elec_Region7Jilin
TransmissionLink,Line117CandidateAC_Region5Innermongolia_to_Region8Heilongjiang,100,false,Electricity,0.062,100,true,9600,true,true,true,false,0.025,9600,0,14841.49125,elec_Region5Innermongolia,true,elec_Region8Heilongjiang
TransmissionLink,Line118CandidateAC_Region5Innermongolia_to_Region7Jilin,100,false,Electricity,0.062,100,true,9600,true,true,true,false,0.025,9600,0,13441.35128,elec_Region5Innermongolia,true,elec_Region7Jilin
TransmissionLink,Line119CandidateAC_Region4Shanxi_to_Region16Henan,100,false,Electricity,0.062,100,true,10000,true,true,true,false,0.015,10000,0,11472.81552,elec_Region4Shanxi,true,elec_Region16Henan
TransmissionLink,Line120CandidateAC_Region16Henan_to_Region17Hubei,100,false,Electricity,0.062,100,true,10000,true,true,true,false,0.015,10000,0,10412.82308,elec_Region16Henan,true,elec_Region17Hubei
TransmissionLink,Line121CandidateAC_Region12Anhui_to_Region11Zhejiang,100,false,Electricity,0.062,100,true,20000,true,true,true,false,0.015,20000,0,13478.75058,elec_Region12Anhui,true,elec_Region11Zhejiang
TransmissionLink,Line122CandidateAC_Region11Zhejiang_to_Region9Shanghai,100,false,Electricity,0.062,100,true,20000,true,true,true,false,0.015,20000,0,8460.558516,elec_Region11Zhejiang,true,elec_Region9Shanghai
TransmissionLink,Line123CandidateAC_Region12Anhui_to_Region10Jiangsu,100,false,Electricity,0.062,100,true,22000,true,true,true,false,0.015,22000,0,11810.69568,elec_Region12Anhui,true,elec_Region10Jiangsu
TransmissionLink,Line124CandidateAC_Region10Jiangsu_to_Region9Shanghai,100,false,Electricity,0.062,100,true,22000,true,true,true,false,0.015,22000,0,10921.47308,elec_Region10Jiangsu,true,elec_Region9Shanghai
TransmissionLink,Line125CandidateAC_Region11Zhejiang_to_Region13Fujian,100,false,Electricity,0.062,100,true,21000,true,true,true,false,0.015,21000,0,14321.18577,elec_Region11Zhejiang,true,elec_Region13Fujian
TransmissionLink,Line126CandidateAC_Region5Innermongolia_to_Region3Hebei,100,false,Electricity,0.062,100,true,20000,true,true,true,false,0.015,20000,0,13606.21803,elec_Region5Innermongolia,true,elec_Region3Hebei
TransmissionLink,Line127CandidateAC_Region3Hebei_to_Region2Tianjin,100,false,Electricity,0.062,100,true,20000,true,true,true,false,0.015,20000,0,8869.796104,elec_Region3Hebei,true,elec_Region2Tianjin
TransmissionLink,Line128CandidateAC_Region2Tianjin_to_Region15Shandong,100,false,Electricity,0.062,100,true,20000,true,true,true,false,0.015,20000,0,10345.73495,elec_Region2Tianjin,true,elec_Region15Shandong
TransmissionLink,Line129CandidateAC_Region5Innermongolia_to_Region4Shanxi,100,false,Electricity,0.062,100,true,20000,true,true,true,false,0.015,20000,0,9084.478117,elec_Region5Innermongolia,true,elec_Region4Shanxi
TransmissionLink,Line130CandidateAC_Region4Shanxi_to_Region3Hebei,100,false,Electricity,0.062,100,true,20000,true,true,true,false,0.015,20000,0,9983.459049,elec_Region4Shanxi,true,elec_Region3Hebei
TransmissionLink,Line131CandidateAC_Region3Hebei_to_Region2Tianjin,100,false,Electricity,0.062,100,true,20000,true,true,true,false,0.015,20000,0,8923.466607,elec_Region3Hebei,true,elec_Region2Tianjin
TransmissionLink,Line132CandidateAC_Region27Shaanxi_to_Region4Shanxi,100,false,Electricity,0.062,100,true,20000,true,true,true,false,0.015,20000,0,10305.48207,elec_Region27Shaanxi,true,elec_Region4Shanxi
TransmissionLink,Line133CandidateAC_Region4Shanxi_to_Region3Hebei,100,false,Electricity,0.062,100,true,20000,true,true,true,false,0.015,20000,0,10077.38243,elec_Region4Shanxi,true,elec_Region3Hebei
TransmissionLink,Line134CandidateAC_Region3Hebei_to_Region15Shandong,100,false,Electricity,0.062,100,true,20000,true,true,true,false,0.015,20000,0,13541.81342,elec_Region3Hebei,true,elec_Region15Shandong
TransmissionLink,Line135CandidateAC_Region1Beijing_to_Region3Hebei,100,false,Electricity,0.062,100,true,20000,true,true,true,false,0.015,20000,0,9674.853654,elec_Region1Beijing,true,elec_Region3Hebei
TransmissionLink,Line136CandidateAC_Region3Hebei_to_Region1Beijing,100,false,Electricity,0.062,100,true,20000,true,true,true,false,0.015,20000,0,10842.1871,elec_Region3Hebei,true,elec_Region1Beijing
TransmissionLink,Line137CandidateAC_Region15Shandong_to_Region3Hebei,100,false,Electricity,0.062,100,true,20000,true,true,true,false,0.015,20000,0,17666.3916,elec_Region15Shandong,true,elec_Region3Hebei
TransmissionLink,Line138CandidateAC_Region5Innermongolia_to_Region4Shanxi,100,false,Electricity,0.062,100,true,20000,true,true,true,false,0.015,20000,0,10748.26372,elec_Region5Innermongolia,true,elec_Region4Shanxi
TransmissionLink,Line139ExistingDC_Region17Hubei_to_Region10Jiangsu,100,false,Electricity,0.062,100,true,3000,true,true,true,false,0.075,0,3000,14781.90643,elec_Region17Hubei,false,elec_Region10Jiangsu
TransmissionLink,Line140ExistingDC_Region17Hubei_to_Region9Shanghai,100,false,Electricity,0.062,100,true,1200,true,true,true,false,0.075,0,1200,32545.11925,elec_Region17Hubei,false,elec_Region9Shanghai
TransmissionLink,Line141ExistingDC_Region17Hubei_to_Region9Shanghai,100,false,Electricity,0.062,100,true,3016,true,true,true,false,0.075,0,3016,19517.24461,elec_Region17Hubei,false,elec_Region9Shanghai
TransmissionLink,Line142ExistingDC_Region17Hubei_to_Region9Shanghai,100,false,Electricity,0.062,100,true,3007,true,true,true,false,0.075,0,3007,20439.88792,elec_Region17Hubei,false,elec_Region9Shanghai
TransmissionLink,Line143ExistingDC_Region17Hubei_to_Region19Guangdong,100,false,Electricity,0.062,100,true,3000,true,true,true,false,0.0765,0,3000,21589.1774,elec_Region17Hubei,false,elec_Region19Guangdong
TransmissionLink,Line144ExistingDC_Region5Innermongolia_to_Region6Liaoning,100,false,Electricity,0.062,100,true,3000,true,true,true,false,0.0412,0,3000,19001.15963,elec_Region5Innermongolia,false,elec_Region6Liaoning
TransmissionLink,Line145ExistingDC_Region29Qinghai_to_Region26Tibet,100,false,Electricity,0.062,100,true,600,true,true,true,false,0.137,0,600,52582.65071,elec_Region29Qinghai,false,elec_Region26Tibet
TransmissionLink,Line146ExistingDC_Region23Sichuan_to_Region10Jiangsu,100,false,Electricity,0.062,100,true,7200,true,true,true,false,0.07,0,7200,26496.51099,elec_Region23Sichuan,false,elec_Region10Jiangsu
TransmissionLink,Line147ExistingDC_Region23Sichuan_to_Region9Shanghai,100,false,Electricity,0.062,100,true,6400,true,true,true,false,0.07,0,6400,26796.72478,elec_Region23Sichuan,false,elec_Region9Shanghai
TransmissionLink,Line148ExistingDC_Region23Sichuan_to_Region11Zhejiang,100,false,Electricity,0.062,100,true,7500,true,true,true,false,0.065,0,7500,23270.51773,elec_Region23Sichuan,false,elec_Region11Zhejiang
TransmissionLink,Line149ExistingDC_Region27Shaanxi_to_Region16Henan,100,false,Electricity,0.062,100,true,390,true,true,true,false,0.01,0,390,4961.726222,elec_Region27Shaanxi,false,elec_Region16Henan
TransmissionLink,Line150ExistingDC_Region23Sichuan_to_Region27Shaanxi,100,false,Electricity,0.062,100,true,3000,true,true,true,false,0.03,0,3000,16068.07283,elec_Region23Sichuan,false,elec_Region27Shaanxi
TransmissionLink,Line151ExistingDC_Region3Hebei_to_Region6Liaoning,100,false,Electricity,0.062,100,true,300,true,true,true,false,0.017,0,300,4961.726222,elec_Region3Hebei,false,elec_Region6Liaoning
TransmissionLink,Line152ExistingDC_Region31Xinjiang_to_Region16Henan,100,false,Electricity,0.062,100,true,8000,true,true,true,false,0.072,0,8000,25654.91991,elec_Region31Xinjiang,false,elec_Region16Henan
TransmissionLink,Line153ExistingDC_Region30Ningxia_to_Region15Shandong,100,false,Electricity,0.062,100,true,4000,true,true,true,false,0.07,0,4000,28477.42582,elec_Region30Ningxia,false,elec_Region15Shandong
TransmissionLink,Line154ExistingDC_Region30Ningxia_to_Region11Zhejiang,100,false,Electricity,0.062,100,true,8000,true,true,true,false,0.065,0,8000,22844.3233,elec_Region30Ningxia,false,elec_Region11Zhejiang
TransmissionLink,Line155ExistingDC_Region28Gansu_to_Region18Hunan,100,false,Electricity,0.062,100,true,8000,true,true,true,false,0.065,0,8000,26792.25879,elec_Region28Gansu,false,elec_Region18Hunan
TransmissionLink,Line156ExistingDC_Region25Yunnan_to_Region19Guangdong,100,false,Electricity,0.062,100,true,6400,true,true,true,false,0.065,0,6400,16479.0677,elec_Region25Yunnan,false,elec_Region19Guangdong
TransmissionLink,Line157ExistingDC_Region5Innermongolia_to_Region15Shandong,100,false,Electricity,0.062,100,true,10000,true,true,true,false,0.065,0,10000,18461.69808,elec_Region5Innermongolia,false,elec_Region15Shandong
TransmissionLink,Line158ExistingDC_Region5Innermongolia_to_Region15Shandong,100,false,Electricity,0.062,100,true,10000,true,true,true,false,0.07,0,10000,18480.75297,elec_Region5Innermongolia,false,elec_Region15Shandong
TransmissionLink,Line159ExistingDC_Region5Innermongolia_to_Region10Jiangsu,100,false,Electricity,0.062,100,true,10000,true,true,true,false,0.07,0,10000,20357.65986,elec_Region5Innermongolia,false,elec_Region10Jiangsu
TransmissionLink,Line160ExistingDC_Region4Shanxi_to_Region10Jiangsu,100,false,Electricity,0.062,100,true,8000,true,true,true,false,0.07,0,8000,19265.57635,elec_Region4Shanxi,false,elec_Region10Jiangsu
TransmissionLink,Line161ExistingDC_Region31Xinjiang_to_Region12Anhui,100,false,Electricity,0.062,100,true,12000,true,true,true,false,0.07,0,12000,36586.89911,elec_Region31Xinjiang,false,elec_Region12Anhui
TransmissionLink,Line162ExistingDC_Region22Chongqing_to_Region17Hubei,100,false,Electricity,0.062,100,true,2600,true,true,true,false,0.007,0,2600,11880.18955,elec_Region22Chongqing,false,elec_Region17Hubei
TransmissionLink,Line163ExistingDC_Region25Yunnan_to_Region19Guangdong,100,false,Electricity,0.062,100,true,5000,true,true,true,false,0.0657,0,5000,27284.11319,elec_Region25Yunnan,false,elec_Region19Guangdong
TransmissionLink,Line164ExistingDC_Region25Yunnan_to_Region19Guangdong,100,false,Electricity,0.062,100,true,5000,true,true,true,false,0.0657,0,5000,31266.58568,elec_Region25Yunnan,false,elec_Region19Guangdong
TransmissionLink,Line165ExistingDC_Region24Guizhou_to_Region19Guangdong,100,false,Electricity,0.062,100,true,1800,true,true,true,false,0.0563,0,1800,24428.15445,elec_Region24Guizhou,false,elec_Region19Guangdong
TransmissionLink,Line166ExistingDC_Region24Guizhou_to_Region19Guangdong,100,false,Electricity,0.062,100,true,6000,true,true,true,false,0.0705,0,6000,15864.1684,elec_Region24Guizhou,false,elec_Region19Guangdong
TransmissionLink,Line167ExistingDC_Region25Yunnan_to_Region19Guangdong,100,false,Electricity,0.062,100,true,5000,true,true,true,false,0.0657,0,5000,25683.50225,elec_Region25Yunnan,false,elec_Region19Guangdong
TransmissionLink,Line168ExistingDC_Region25Yunnan_to_Region20Guangxi,100,false,Electricity,0.062,100,true,3200,true,true,true,false,0.065,0,3200,20004.50667,elec_Region25Yunnan,false,elec_Region20Guangxi
TransmissionLink,Line169ExistingDC_Region29Qinghai_to_Region16Henan,100,false,Electricity,0.062,100,true,8000,true,true,true,false,0.065,0,8000,22052.35434,elec_Region29Qinghai,false,elec_Region16Henan
TransmissionLink,Line170ExistingDC_Region25Yunnan_to_Region24Guizhou,100,false,Electricity,0.062,100,true,3000,true,true,true,false,0.01,0,3000,4961.726222,elec_Region25Yunnan,false,elec_Region24Guizhou
TransmissionLink,Line171ExistingDC_Region3Hebei_to_Region1Beijing,100,false,Electricity,0.062,100,true,3000,true,true,true,false,0.06,0,3000,13934.9188,elec_Region3Hebei,false,elec_Region1Beijing
TransmissionLink,Line172CandidateDC_Region25Yunnan_to_Region19Guangdong,100,false,Electricity,0.062,100,true,16000,true,true,true,false,0.065,16000,0,21248.47607,elec_Region25Yunnan,true,elec_Region19Guangdong
TransmissionLink,Line173CandidateDC_Region31Xinjiang_to_Region23Sichuan,100,false,Electricity,0.062,100,true,24000,true,true,true,false,0.065,24000,0,30686.60725,elec_Region31Xinjiang,true,elec_Region23Sichuan
TransmissionLink,Line174CandidateDC_Region23Sichuan_to_Region11Zhejiang,100,false,Electricity,0.062,100,true,16000,true,true,true,false,0.065,16000,0,25660.87456,elec_Region23Sichuan,true,elec_Region11Zhejiang
TransmissionLink,Line175CandidateDC_Region23Sichuan_to_Region10Jiangsu,100,false,Electricity,0.062,100,true,16000,true,true,true,false,0.065,16000,0,25535.82683,elec_Region23Sichuan,true,elec_Region10Jiangsu
TransmissionLink,Line176CandidateDC_Region27Shaanxi_to_Region17Hubei,100,false,Electricity,0.062,100,true,16000,true,true,true,false,0.065,16000,0,19372.76012,elec_Region27Shaanxi,true,elec_Region17Hubei
TransmissionLink,Line177CandidateDC_Region23Sichuan_to_Region14Jiangxi,100,false,Electricity,0.062,100,true,16000,true,true,true,false,0.065,16000,0,22790.73142,elec_Region23Sichuan,true,elec_Region14Jiangxi
TransmissionLink,Line178CandidateDC_Region31Xinjiang_to_Region16Henan,100,false,Electricity,0.062,100,true,16000,true,true,true,false,0.065,16000,0,27111.08768,elec_Region31Xinjiang,true,elec_Region16Henan
TransmissionLink,Line179CandidateDC_Region31Xinjiang_to_Region12Anhui,100,false,Electricity,0.062,100,true,16000,true,true,true,false,0.065,16000,0,29844.49874,elec_Region31Xinjiang,true,elec_Region12Anhui
TransmissionLink,Line180CandidateDC_Region31Xinjiang_to_Region22Chongqing,100,false,Electricity,0.062,100,true,16000,true,true,true,false,0.065,16000,0,25702.55714,elec_Region31Xinjiang,true,elec_Region22Chongqing
TransmissionLink,Line181CandidateDC_Region31Xinjiang_to_Region17Hubei,100,false,Electricity,0.062,100,true,16000,true,true,true,false,0.065,16000,0,29058.14532,elec_Region31Xinjiang,true,elec_Region17Hubei
TransmissionLink,Line182CandidateDC_Region31Xinjiang_to_Region14Jiangxi,100,false,Electricity,0.062,100,true,16000,true,true,true,false,0.065,16000,0,30541.36302,elec_Region31Xinjiang,true,elec_Region14Jiangxi
TransmissionLink,Line183CandidateDC_Region31Xinjiang_to_Region18Hunan,100,false,Electricity,0.062,100,true,16000,true,true,true,false,0.065,16000,0,29518.90429,elec_Region31Xinjiang,true,elec_Region18Hunan
TransmissionLink,Line184CandidateDC_Region30Ningxia_to_Region15Shandong,100,false,Electricity,0.062,100,true,16000,true,true,true,false,0.065,16000,0,18358.11145,elec_Region30Ningxia,true,elec_Region15Shandong
TransmissionLink,Line185CandidateDC_Region30Ningxia_to_Region11Zhejiang,100,false,Electricity,0.062,100,true,16000,true,true,true,false,0.065,16000,0,21935.30332,elec_Region30Ningxia,true,elec_Region11Zhejiang
TransmissionLink,Line186CandidateDC_Region30Ningxia_to_Region13Fujian,100,false,Electricity,0.062,100,true,16000,true,true,true,false,0.065,16000,0,23556.28211,elec_Region30Ningxia,true,elec_Region13Fujian
TransmissionLink,Line187CandidateDC_Region28Gansu_to_Region18Hunan,100,false,Electricity,0.062,100,true,16000,true,true,true,false,0.065,16000,0,19932.0754,elec_Region28Gansu,true,elec_Region18Hunan
TransmissionLink,Line188CandidateDC_Region28Gansu_to_Region17Hubei,100,false,Electricity,0.062,100,true,16000,true,true,true,false,0.065,16000,0,19495.93548,elec_Region28Gansu,true,elec_Region17Hubei
TransmissionLink,Line189CandidateDC_Region29Qinghai_to_Region16Henan,100,false,Electricity,0.062,100,true,16000,true,true,true,false,0.065,16000,0,19114.9532,elec_Region29Qinghai,true,elec_Region16Henan
TransmissionLink,Line190CandidateDC_Region29Qinghai_to_Region13Fujian,100,false,Electricity,0.062,100,true,16000,true,true,true,false,0.065,16000,0,24686.03967,elec_Region29Qinghai,true,elec_Region13Fujian
TransmissionLink,Line191CandidateDC_Region29Qinghai_to_Region14Jiangxi,100,false,Electricity,0.062,100,true,16000,true,true,true,false,0.065,16000,0,22046.02306,elec_Region29Qinghai,true,elec_Region14Jiangxi
TransmissionLink,Line192CandidateDC_Region25Yunnan_to_Region19Guangdong,100,false,Electricity,0.062,100,true,16000,true,true,true,false,0.065,16000,0,19067.67701,elec_Region25Yunnan,true,elec_Region19Guangdong
TransmissionLink,Line193CandidateDC_Region24Guizhou_to_Region19Guangdong,100,false,Electricity,0.062,100,true,16000,true,true,true,false,0.065,16000,0,17122.22096,elec_Region24Guizhou,true,elec_Region19Guangdong
TransmissionLink,Line194CandidateDC_Region23Sichuan_to_Region13Fujian,100,false,Electricity,0.062,100,true,16000,true,true,true,false,0.065,16000,0,21976.7077,elec_Region23Sichuan,true,elec_Region13Fujian
TransmissionLink,Line195CandidateDC_Region23Sichuan_to_Region11Zhejiang,100,false,Electricity,0.062,100,true,16000,true,true,true,false,0.065,16000,0,21804.03761,elec_Region23Sichuan,true,elec_Region11Zhejiang
TransmissionLink,Line196CandidateDC_Region5Innermongolia_to_Region22Chongqing,100,false,Electricity,0.062,100,true,16000,true,true,true,false,0.065,16000,0,20531.36811,elec_Region5Innermongolia,true,elec_Region22Chongqing
TransmissionLink,Line197CandidateDC_Region5Innermongolia_to_Region10Jiangsu,100,false,Electricity,0.062,100,true,16000,true,true,true,false,0.065,16000,0,19540.86656,elec_Region5Innermongolia,true,elec_Region10Jiangsu
TransmissionLink,Line198CandidateDC_Region5Innermongolia_to_Region12Anhui,100,false,Electricity,0.062,100,true,16000,true,true,true,false,0.065,16000,0,19245.40213,elec_Region5Innermongolia,true,elec_Region12Anhui
TransmissionLink,Line199CandidateDC_Region5Innermongolia_to_Region14Jiangxi,100,false,Electricity,0.062,100,true,16000,true,true,true,false,0.065,16000,0,20962.01333,elec_Region5Innermongolia,true,elec_Region14Jiangxi
TransmissionLink,Line200CandidateDC_Region5Innermongolia_to_Region18Hunan,100,false,Electricity,0.062,100,true,16000,true,true,true,false,0.065,16000,0,20983.85486,elec_Region5Innermongolia,true,elec_Region18Hunan
TransmissionLink,Line201CandidateDC_Region28Gansu_to_Region15Shandong,100,false,Electricity,0.062,100,true,16000,true,true,true,false,0.065,16000,0,17520.86278,elec_Region28Gansu,true,elec_Region15Shandong
TransmissionLink,Line202CandidateDC_Region8Heilongjiang_to_Region3Hebei,100,false,Electricity,0.062,100,true,16000,true,true,true,false,0.065,16000,0,20460.38218,elec_Region8Heilongjiang,true,elec_Region3Hebei
TransmissionLink,Line203CandidateDC_Region6Liaoning_to_Region3Hebei,100,false,Electricity,0.062,100,true,16000,true,true,true,false,0.065,16000,0,17761.82695,elec_Region6Liaoning,true,elec_Region3Hebei
TransmissionLink,Line204CandidateDC_Region26Tibet_to_Region16Henan,100,false,Electricity,0.062,100,true,16000,true,true,true,false,0.065,16000,0,23320.69561,elec_Region26Tibet,true,elec_Region16Henan
TransmissionLink,Line205CandidateDC_Region26Tibet_to_Region3Hebei,100,false,Electricity,0.062,100,true,16000,true,true,true,false,0.065,16000,0,24391.34236,elec_Region26Tibet,true,elec_Region3Hebei
TransmissionLink,Line206CandidateDC_Region26Tibet_to_Region19Guangdong,100,false,Electricity,0.062,100,true,16000,true,true,true,false,0.065,16000,0,23692.26601,elec_Region26Tibet,true,elec_Region19Guangdong
